00-00, 0, 0
1A-1A, -3.3171544246236113, -3.8303199999999995
2A-1A, 1.6585772123118043, -4.7879000000000005
3A-1A, 4.975731636935416, -0.9575800000000018
4A-1A, 3.3171544246236118, 3.830319999999999
5A-1A, -1.6585772123118028, 4.787900000000001
6A-1A, -4.975731636935417, 0.9575800000000002
1B-1A, -6.634308849247223, -7.660639999999999
2B-1A, 3.3171544246236087, -9.575800000000001
3B-1A, 9.951463273870832, -1.9151600000000035
4B-1A, 6.6343088492472235, 7.660639999999998
5B-1A, -3.3171544246236055, 9.575800000000003
6B-1A, -9.951463273870834, 1.9151600000000004
1B-2A, -1.6585772123118059, -8.618219999999999
2B-2A, 6.634308849247219, -5.745480000000001
3B-2A, 8.292886061559027, 2.8727399999999967
4B-2A, 1.6585772123118068, 8.618219999999997
5B-2A, -6.634308849247216, 5.745480000000004
6B-2A, -8.292886061559027, -2.8727399999999976
1C-1A, -9.951463273870834, -11.490959999999998
2C-1A, 4.9757316369354125, -14.3637
3C-1A, 14.927194910806246, -2.872740000000005
4C-1A, 9.951463273870836, 11.490959999999996
5C-1A, -4.975731636935408, 14.363700000000001
6C-1A, -14.927194910806248, 2.8727400000000003
1C-2A, -4.975731636935416, -12.44854
2C-2A, 8.292886061559027, -10.533380000000001
3C-2A, 13.268617698494444, 1.9151599999999973
4C-2A, 4.975731636935417, 12.448539999999998
5C-2A, -8.292886061559026, 10.533380000000001
6C-2A, -13.268617698494444, -1.9151600000000042
1C-3A, 8.208880973492657e-16, -13.40612
2C-3A, 11.610040486182637, -6.70306
3C-3A, 11.610040486182639, 6.703059999999997
4C-3A, 8.208880973492657e-16, 13.40612
5C-3A, -11.610040486182637, 6.703060000000004
6C-3A, -11.610040486182637, -6.703060000000002
1D-1A, -13.268617698494445, -15.321279999999998
2D-1A, 6.634308849247217, -19.151600000000002
3D-1A, 19.902926547741664, -3.830320000000007
4D-1A, 13.268617698494447, 15.321279999999996
5D-1A, -6.634308849247211, 19.151600000000006
6D-1A, -19.902926547741668, 3.830320000000001
1D-2A, -8.292886061559027, -16.278859999999998
2D-2A, 9.95146327387083, -15.321279999999998
3D-2A, 18.24434933542986, 0.957579999999996
4D-2A, 8.29288606155903, 16.278859999999998
5D-2A, -9.951463273870825, 15.321280000000002
6D-2A, -18.24434933542986, -0.9575800000000018
1D-3A, -3.3171544246236118, -17.236439999999998
2D-3A, 13.268617698494438, -11.490960000000001
3D-3A, 16.585772123118055, 5.7454799999999935
4D-3A, 3.3171544246236135, 17.236439999999995
5D-3A, -13.268617698494433, 11.490960000000008
6D-3A, -16.585772123118055, -5.745479999999995
1D-4A, 1.6585772123118065, -18.19402
2D-4A, 16.585772123118055, -7.66064
3D-4A, 14.92719491080625, 10.533379999999998
4D-4A, -1.6585772123118043, 18.19402
5D-4A, -16.585772123118048, 7.660640000000009
6D-4A, -14.927194910806248, -10.533379999999998
1E-1A, -16.585772123118055, -19.151599999999995
2E-1A, 8.29288606155902, -23.9395
3E-1A, 24.87865818467708, -4.7879000000000085
4E-1A, 16.58577212311806, 19.151599999999995
5E-1A, -8.292886061559013, 23.939500000000002
6E-1A, -24.878658184677082, 4.7879000000000005
1E-2A, -11.610040486182644, -20.109179999999995
2E-2A, 11.610040486182632, -20.109180000000006
3E-2A, 23.220080972365277, -1.031178741167217e-14
4E-2A, 11.610040486182646, 20.109179999999995
5E-2A, -11.610040486182625, 20.109180000000006
6E-2A, -23.220080972365277, 2.8436397838749497e-15
1E-3A, -6.634308849247225, -21.06676
2E-3A, 14.927194910806245, -16.278860000000005
3E-3A, 21.561503760053473, 4.7878999999999925
4E-3A, 6.634308849247227, 21.06676
5E-3A, -14.927194910806241, 16.27886000000001
6E-3A, -21.561503760053473, -4.7879
1E-4A, -1.6585772123118059, -22.024340000000002
2E-4A, 18.24434933542986, -12.448540000000003
3E-4A, 19.902926547741668, 9.575799999999996
4E-4A, 1.6585772123118088, 22.02434
5E-4A, -18.244349335429852, 12.448540000000008
6E-4A, -19.902926547741668, -9.575800000000001
1E-5A, 3.3171544246236078, -22.98192
2E-5A, 21.56150376005347, -8.618220000000006
3E-5A, 18.244349335429867, 14.363699999999994
4E-5A, -3.317154424623605, 22.98192
5E-5A, -21.561503760053466, 8.618220000000019
6E-5A, -18.244349335429867, -14.363699999999994
1F-1A, -19.902926547741668, -22.981919999999995
2F-1A, 9.951463273870825, -28.7274
3F-1A, 29.854389821612493, -5.74548000000001
4F-1A, 19.90292654774167, 22.98191999999999
5F-1A, -9.951463273870816, 28.727400000000003
6F-1A, -29.854389821612497, 5.745480000000001
1F-2A, -14.927194910806254, -23.939499999999995
2F-2A, 13.268617698494436, -24.897080000000003
3F-2A, 28.19581260930069, -0.9575800000000111
4F-2A, 14.927194910806257, 23.939499999999995
5F-2A, -13.26861769849443, 24.897080000000006
6F-2A, -28.19581260930069, 0.9575800000000021
1F-3A, -9.951463273870832, -24.89708
2F-3A, 16.585772123118055, -21.066760000000002
3F-3A, 26.537235396988887, 3.8303199999999946
4F-3A, 9.951463273870834, 24.897079999999995
5F-3A, -16.58577212311805, 21.066760000000002
6F-3A, -26.537235396988887, -3.8303200000000084
1F-4A, -4.975731636935418, -25.85466
2F-4A, 19.90292654774166, -17.23644
3F-4A, 24.878658184677082, 8.61821999999999
4F-4A, 4.9757316369354205, 25.854659999999996
5F-4A, -19.90292654774165, 17.236440000000012
6F-4A, -24.878658184677082, -8.618219999999994
1F-5A, 1.6417761946985314e-15, -26.81224
2F-5A, 23.220080972365274, -13.40612
3F-5A, 23.220080972365277, 13.406119999999994
4F-5A, 1.6417761946985314e-15, 26.81224
5F-5A, -23.220080972365274, 13.406120000000008
6F-5A, -23.220080972365274, -13.406120000000003
1F-6A, 4.975731636935417, -27.769819999999996
2F-6A, 26.537235396988883, -9.575800000000003
3F-6A, 21.561503760053476, 18.194019999999995
4F-6A, -4.975731636935413, 27.76982
5F-6A, -26.537235396988883, 9.575800000000012
6F-6A, -21.56150376005347, -18.194020000000002
1G-1A, -23.220080972365277, -26.812239999999996
2G-1A, 11.610040486182628, -33.515299999999996
3G-1A, 34.83012145854791, -6.703060000000011
4G-1A, 23.22008097236528, 26.812239999999992
5G-1A, -11.61004048618262, 33.5153
6G-1A, -34.830121458547914, 6.703060000000001
1G-2A, -18.244349335429863, -27.76982
2G-2A, 14.927194910806245, -29.684980000000007
3G-2A, 33.17154424623612, -1.9151600000000102
4G-2A, 18.244349335429867, 27.76982
5G-2A, -14.927194910806236, 29.68498000000001
6G-2A, -33.17154424623612, 1.9151599999999993
1G-3A, -13.268617698494444, -28.7274
2G-3A, 18.244349335429856, -25.85466
3G-3A, 31.512967033924305, 2.872739999999993
4G-3A, 13.268617698494447, 28.727399999999996
5G-3A, -18.244349335429845, 25.854660000000006
6G-3A, -31.512967033924305, -2.8727400000000034
1G-4A, -8.29288606155903, -29.68498
2G-4A, 21.56150376005347, -22.024340000000002
3G-4A, 29.8543898216125, 7.66063999999999
4G-4A, 8.292886061559033, 29.68498
5G-4A, -21.561503760053455, 22.024340000000016
6G-4A, -29.8543898216125, -7.660639999999993
1G-5A, -3.317154424623612, -30.64256
2G-5A, 24.87865818467708, -18.194020000000002
3G-5A, 28.195812609300695, 12.44853999999999
4G-5A, 3.3171544246236158, 30.64256
5G-5A, -24.878658184677068, 18.194020000000016
6G-5A, -28.195812609300695, -12.448539999999994
1G-6A, 1.6585772123118077, -31.60014
2G-6A, 28.19581260930069, -14.363700000000001
3G-6A, 26.53723539698889, 17.236439999999995
4G-6A, -1.6585772123118037, 31.60014
5G-6A, -28.195812609300685, 14.363700000000017
6G-6A, -26.537235396988887, -17.236439999999995
1G-7A, 6.634308849247219, -32.557719999999996
2G-7A, 31.5129670339243, -10.533380000000005
3G-7A, 24.878658184677086, 22.024339999999988
4G-7A, -6.6343088492472155, 32.557719999999996
5G-7A, -31.512967033924298, 10.533380000000015
6G-7A, -24.87865818467708, -22.02434
1J-3A, -21.561503760053466, -31.600139999999996
2J-3A, 16.58577212311805, -34.472879999999996
3J-3A, 38.147275883171524, -2.8727400000000025
4J-3A, 21.561503760053466, 31.600139999999996
5J-3A, -16.58577212311804, 34.472879999999996
6J-3A, -38.147275883171524, 2.87273999999999
1H-3A, -16.585772123118055, -32.557719999999996
2H-3A, 19.90292654774166, -30.642559999999996
3H-3A, 36.48869867085972, 1.915159999999992
4H-3A, 16.58577212311806, 32.557719999999996
5H-3A, -19.90292654774165, 30.642560000000003
6H-3A, -36.48869867085972, -1.9151600000000035
1H-4A, -11.61004048618264, -33.515299999999996
2H-4A, 23.220080972365267, -26.812240000000003
3H-4A, 34.830121458547914, 6.703059999999987
4H-4A, 11.610040486182644, 33.515299999999996
5H-4A, -23.220080972365263, 26.812240000000003
6H-4A, -34.83012145854791, -6.703060000000008
1H-5A, -6.6343088492472235, -34.472879999999996
2H-5A, 26.537235396988876, -22.981920000000002
3H-5A, 33.17154424623611, 11.490959999999987
4H-5A, 6.634308849247227, 34.47287999999999
5H-5A, -26.537235396988866, 22.981920000000017
6H-5A, -33.17154424623611, -11.49095999999999
1H-6A, -1.6585772123118072, -35.43046
2H-6A, 29.85438982161249, -19.151600000000002
3H-6A, 31.512967033924305, 16.278859999999987
4H-6A, 1.6585772123118114, 35.43046
5H-6A, -29.85438982161249, 19.151600000000006
6H-6A, -31.512967033924298, -16.278860000000005
1H-7A, 3.317154424623613, -36.38804
2H-7A, 33.17154424623611, -15.32128
3H-7A, 29.8543898216125, 21.066759999999995
4H-7A, -3.3171544246236087, 36.38804
5H-7A, -33.171544246236095, 15.321280000000018
6H-7A, -29.854389821612497, -21.066759999999995
1J-9A, 8.292886061559024, -37.34562
2J-9A, 36.48869867085971, -11.490960000000005
3J-9A, 28.195812609300695, 25.85465999999999
4J-9A, -8.292886061559019, 37.34562
5J-9A, -36.488698670859705, 11.490960000000024
6J-9A, -28.19581260930069, -25.85465999999999
1J-3AA, -23.220080972365274, -34.472879999999996
2J-3AA, 18.244349335429856, -37.34562
3J-3AA, 41.46443030779513, -2.8727400000000087
4J-3AA, 23.220080972365277, 34.472879999999996
5J-3AA, -18.244349335429842, 37.345620000000004
6J-3AA, -41.46443030779513, 2.8727399999999954
1J-3AAA, -19.90292654774167, -36.38803999999999
2J-3AAA, 21.56150376005346, -35.430460000000004
3J-3AAA, 41.46443030779513, 0.9575799999999823
4J-3AAA, 19.902926547741675, 36.38803999999999
5J-3AAA, -21.561503760053444, 35.43046000000001
6J-3AAA, -41.46443030779513, -0.9575799999999955
1J-4A, -14.927194910806246, -37.34562
2J-4A, 24.87865818467708, -31.600140000000003
3J-4A, 39.80585309548333, 5.745479999999992
4J-4A, 14.927194910806252, 37.34562
5J-4A, -24.878658184677075, 31.600140000000003
6J-4A, -39.80585309548333, -5.745480000000013
1J-4AA, -14.927194910806252, -39.26077999999999
2J-4AA, 26.537235396988876, -32.55772
3J-4AA, 41.46443030779513, 6.703059999999985
4J-4AA, 14.927194910806257, 39.26077999999999
5J-4AA, -26.53723539698887, 32.55772000000001
6J-4AA, -41.46443030779513, -6.703059999999999
1J-5A, -9.951463273870836, -38.3032
2J-5A, 28.195812609300688, -27.769820000000003
3J-5A, 38.14727588317153, 10.533379999999987
4J-5A, 9.951463273870841, 38.3032
5J-5A, -28.195812609300685, 27.769820000000006
6J-5A, -38.147275883171524, -10.533380000000008
1J-5AA, -9.951463273870834, -40.21836
2J-5AA, 29.85438982161249, -28.7274
3J-5AA, 39.80585309548333, 11.490959999999987
4J-5AA, 9.95146327387084, 40.21836
5J-5AA, -29.854389821612482, 28.727400000000014
6J-5AA, -39.80585309548333, -11.49096
1J-6A, -4.975731636935418, -39.26078
2J-6A, 31.5129670339243, -23.939500000000002
3J-6A, 36.488698670859726, 15.32127999999999
4J-6A, 4.975731636935423, 39.26078
5J-6A, -31.512967033924298, 23.939500000000006
6J-6A, -36.48869867085972, -15.321280000000009
1J-6AA, -4.975731636935413, -41.17594
2J-6AA, 33.1715442462361, -24.89708
3J-6AA, 38.147275883171524, 16.27885999999999
4J-6AA, 4.975731636935419, 41.17594
5J-6AA, -33.171544246236095, 24.897080000000013
6J-6AA, -38.147275883171524, -16.278860000000005
1J-7A, 2.462664292047797e-15, -40.21836
2J-7A, 34.830121458547914, -20.10918
3J-7A, 34.830121458547914, 20.10917999999999
4J-7A, 2.462664292047797e-15, 40.21836
5J-7A, -34.83012145854791, 20.109180000000013
6J-7A, -34.830121458547914, -20.109180000000002
1J-7AA, 2.5799340202405495e-15, -42.13352
2J-7AA, 36.48869867085972, -21.06676
3J-7AA, 36.48869867085972, 21.06675999999999
4J-7AA, 2.5799340202405495e-15, 42.13352
5J-7AA, -36.48869867085971, 21.066760000000013
6J-7AA, -36.48869867085972, -21.066760000000002
1J-8A, 4.975731636935419, -41.17594
2J-8A, 38.147275883171524, -16.27886
3J-8A, 33.17154424623611, 24.897079999999995
4J-8A, -4.975731636935413, 41.17594
5J-8A, -38.14727588317152, 16.278860000000016
6J-8A, -33.1715442462361, -24.897080000000003
1J-8AA, 9.95146327387083, -40.21836
2J-8AA, 39.80585309548332, -11.490960000000003
3J-8AA, 29.854389821612504, 28.727399999999992
4J-8AA, -9.951463273870825, 40.21836
5J-8AA, -39.80585309548332, 11.490960000000008
6J-8AA, -29.854389821612486, -28.727400000000003
1J-8AAA, 13.268617698494444, -38.3032
2J-8AAA, 39.805853095483336, -7.660640000000005
3J-8AAA, 26.537235396988894, 30.642559999999992
4J-8AAA, -13.268617698494438, 38.303200000000004
5J-8AAA, -39.80585309548333, 7.6606400000000185
6J-8AAA, -26.537235396988887, -30.642560000000003
00-0B, 1.1726972819275224e-16, 1.91516
00-0C, -1.6585772123118052, 0.9575800000000007
00-0D, -1.6585772123118059, -0.9575799999999994
00-0E, -3.518091845782567e-16, -1.91516
00-0F, 1.658577212311805, -0.9575800000000009
00-0G, 1.6585772123118054, 0.95758
1A-1B, -3.3171544246236113, -1.9151599999999998
2A-1B, -6.159624347509413e-16, -3.83032
3A-1B, 3.3171544246236104, -1.9151600000000009
4A-1B, 3.3171544246236113, 1.9151599999999993
5A-1B, 1.935543238658396e-15, 3.83032
6A-1B, -3.3171544246236113, 1.9151599999999998
1A-1C, -4.975731636935417, -2.8727399999999994
2A-1C, -9.23943652126412e-16, -5.74548
3A-1C, 4.975731636935415, -2.872740000000001
4A-1C, 4.975731636935417, 2.872739999999999
5A-1C, 2.9033148579875943e-15, 5.74548
6A-1C, -4.975731636935417, 2.8727399999999994
1A-1D, -4.975731636935415, -4.7879000000000005
2A-1D, 1.6585772123118052, -6.70306
3A-1D, 6.634308849247221, -1.9151600000000009
4A-1D, 4.975731636935416, 4.7879
5A-1D, -1.658577212311803, 6.703060000000001
6A-1D, -6.634308849247222, 1.9151599999999989
1A-1E, -3.317154424623612, -5.745479999999999
2A-1E, 3.317154424623609, -5.745480000000001
3A-1E, 6.634308849247222, -2.946224974763477e-15
4A-1E, 3.317154424623613, 5.745479999999999
5A-1E, -3.317154424623607, 5.7454800000000015
6A-1E, -6.634308849247222, 8.124685096785571e-16
1A-1F, -1.658577212311806, -4.7879000000000005
2A-1F, 3.317154424623611, -3.8303200000000013
3A-1F, 4.975731636935418, 0.9575799999999985
4A-1F, 1.6585772123118068, 4.7879000000000005
5A-1F, -3.31715442462361, 3.8303200000000013
6A-1F, -4.975731636935417, -0.9575800000000013
1A-1G, -1.658577212311806, -2.8727399999999994
2A-1G, 1.6585772123118045, -2.8727400000000003
3A-1G, 3.317154424623611, -1.4731124873817384e-15
4A-1G, 1.6585772123118065, 2.8727399999999994
5A-1G, -1.6585772123118034, 2.8727400000000007
6A-1G, -3.317154424623611, 4.0623425483927853e-16
1B-1B, -6.634308849247223, -5.74548
2B-1B, 1.6585772123118034, -8.61822
3B-1B, 8.292886061559027, -2.8727400000000034
4B-1B, 6.6343088492472235, 5.745479999999999
5B-1B, -1.6585772123118003, 8.61822
6B-1B, -8.292886061559027, 2.8727400000000003
1B-1C, -8.292886061559027, -6.703059999999998
2B-1C, 1.6585772123118032, -10.533379999999998
3B-1C, 9.95146327387083, -3.8303200000000026
4B-1C, 8.29288606155903, 6.703059999999997
5B-1C, -1.6585772123117994, 10.53338
6B-1C, -9.951463273870832, 3.8303199999999995
1B-1D, -8.292886061559027, -8.61822
2B-1D, 3.3171544246236104, -11.49096
3B-1D, 11.610040486182639, -2.872740000000001
4B-1D, 8.292886061559027, 8.618219999999999
5B-1D, -3.3171544246236064, 11.490960000000001
6B-1D, -11.610040486182639, 2.8727399999999976
1B-1E, -6.634308849247219, -9.575800000000001
2B-1E, 4.975731636935417, -10.53338
3B-1E, 11.610040486182637, -0.9575800000000002
4B-1E, 6.634308849247221, 9.5758
5B-1E, -4.975731636935413, 10.53338
6B-1E, -11.610040486182637, 0.9575799999999965
1B-1F, -4.975731636935419, -8.618219999999999
2B-1F, 4.975731636935414, -8.618220000000003
3B-1F, 9.951463273870834, -4.419337462145216e-15
4B-1F, 4.9757316369354205, 8.618219999999999
5B-1F, -4.975731636935411, 8.618220000000004
6B-1F, -9.951463273870834, 1.2187027645178357e-15
1B-1G, -4.975731636935416, -6.703059999999999
2B-1G, 3.3171544246236095, -7.660639999999999
3B-1G, 8.292886061559026, -0.9575800000000021
4B-1G, 4.975731636935417, 6.703059999999998
5B-1G, -3.317154424623607, 7.660640000000001
6B-1G, -8.292886061559026, 0.9575799999999994
1B-2B, -1.6585772123118059, -6.70306
2B-2B, 4.975731636935415, -4.7879000000000005
3B-2B, 6.634308849247222, 1.915159999999998
4B-2B, 1.6585772123118068, 6.70306
5B-2B, -4.975731636935414, 4.787900000000002
6B-2B, -6.634308849247222, -1.91516
1B-2C, -3.3171544246236118, -7.660639999999998
2B-2C, 4.975731636935413, -6.70306
3B-2C, 8.292886061559026, 0.9575799999999965
4B-2C, 3.3171544246236127, 7.660639999999998
5B-2C, -4.975731636935413, 6.703060000000001
6B-2C, -8.292886061559026, -0.9575800000000011
1B-2D, -3.3171544246236118, -9.5758
2B-2D, 6.63430884924722, -7.660640000000002
3B-2D, 9.951463273870834, 1.9151599999999966
4B-2D, 3.317154424623613, 9.5758
5B-2D, -6.634308849247219, 7.660640000000002
6B-2D, -9.951463273870832, -1.9151600000000024
1B-2E, -1.6585772123118065, -10.533379999999998
2B-2E, 8.292886061559026, -6.703060000000001
3B-2E, 9.951463273870834, 3.830319999999996
4B-2E, 1.6585772123118079, 10.533379999999998
5B-2E, -8.292886061559022, 6.703060000000005
6B-2E, -9.951463273870832, -3.8303199999999973
1B-2F, -1.5399060868773534e-15, -9.5758
2B-2F, 8.292886061559026, -4.787900000000001
3B-2F, 8.29288606155903, 4.787899999999996
4B-2F, 2.712603368804876e-15, 9.5758
5B-2F, -8.292886061559026, 4.787900000000003
6B-2F, -8.292886061559026, -4.7879000000000005
1B-2G, 4.690789127710089e-16, -7.660639999999999
2B-2G, 6.634308849247221, -3.8303199999999995
3B-2G, 6.634308849247222, 3.830319999999998
4B-2G, 4.690789127710089e-16, 7.660639999999999
5B-2G, -6.63430884924722, 3.830320000000002
6B-2G, -6.634308849247221, -3.8303200000000004
1C-1B, -9.95146327387083, -9.575800000000001
2C-1B, 3.3171544246236104, -13.40612
3C-1B, 13.268617698494442, -3.8303200000000017
4C-1B, 9.951463273870832, 9.5758
5C-1B, -3.317154424623606, 13.406120000000001
6C-1B, -13.268617698494444, 3.8303199999999977
1C-1C, -11.610040486182639, -10.533379999999996
2C-1C, 3.3171544246236073, -15.321279999999998
3C-1C, 14.927194910806246, -4.787900000000004
4C-1C, 11.610040486182639, 10.533379999999996
5C-1C, -3.3171544246236015, 15.32128
6C-1C, -14.927194910806248, 4.7879
1C-1D, -11.61004048618264, -12.448539999999998
2C-1D, 4.9757316369354125, -16.27886
3C-1D, 16.585772123118055, -3.830320000000007
4C-1D, 11.610040486182642, 12.448539999999996
5C-1D, -4.975731636935406, 16.278860000000005
6C-1D, -16.585772123118055, 3.8303200000000017
1C-1E, -9.951463273870832, -13.406119999999998
2C-1E, 6.634308849247219, -15.321279999999998
3C-1E, 16.58577212311805, -1.9151600000000042
4C-1E, 9.951463273870834, 13.406119999999996
5C-1E, -6.634308849247214, 15.321280000000002
6C-1E, -16.58577212311805, 1.9151599999999989
1C-1F, -8.292886061559031, -12.448539999999998
2C-1F, 6.634308849247217, -13.406120000000001
3C-1F, 14.927194910806248, -0.9575800000000069
4C-1F, 8.292886061559033, 12.448539999999996
5C-1F, -6.634308849247213, 13.406120000000003
6C-1F, -14.927194910806248, 0.9575800000000021
1C-1G, -8.29288606155903, -10.533379999999998
2C-1G, 4.975731636935412, -12.448540000000001
3C-1G, 13.268617698494442, -1.9151600000000062
4C-1G, 8.292886061559031, 10.533379999999996
5C-1G, -4.975731636935407, 12.448540000000003
6C-1G, -13.268617698494444, 1.9151600000000017
1C-2B, -4.975731636935418, -10.533379999999998
2C-2B, 6.634308849247218, -9.575800000000001
3C-2B, 11.610040486182637, 0.957579999999995
4C-2B, 4.975731636935419, 10.533379999999998
5C-2B, -6.6343088492472155, 9.575800000000003
6C-2B, -11.610040486182637, -0.9575799999999988
1C-2C, -6.634308849247219, -11.49096
2C-2C, 6.6343088492472235, -11.49096
3C-2C, 13.268617698494444, 0.0
4C-2C, 6.63430884924722, 11.49096
5C-2C, -6.634308849247219, 11.49096
6C-2C, -13.268617698494444, -4.26751293016984e-15
1C-2D, -6.634308849247224, -13.40612
2C-2D, 8.292886061559024, -12.448540000000003
3C-2D, 14.92719491080625, 0.9575799999999935
4C-2D, 6.634308849247226, 13.406119999999998
5C-2D, -8.292886061559019, 12.448540000000005
6C-2D, -14.92719491080625, -0.9575799999999983
1C-2E, -4.975731636935418, -14.363699999999998
2C-2E, 9.95146327387083, -11.490960000000001
3C-2E, 14.927194910806248, 2.872739999999995
4C-2E, 4.975731636935419, 14.363699999999998
5C-2E, -9.951463273870829, 11.490960000000001
6C-2E, -14.927194910806246, -2.8727400000000034
1C-2F, -3.3171544246236118, -13.40612
2C-2F, 9.95146327387083, -9.575800000000001
3C-2F, 13.268617698494444, 3.830319999999996
4C-2F, 3.3171544246236135, 13.40612
5C-2F, -9.951463273870829, 9.575800000000005
6C-2F, -13.268617698494444, -3.83032
1C-2G, -3.317154424623609, -11.49096
2C-2G, 8.292886061559027, -8.618219999999999
3C-2G, 11.610040486182639, 2.872739999999999
4C-2G, 3.3171544246236104, 11.49096
5C-2G, -8.292886061559024, 8.618220000000004
6C-2G, -11.610040486182639, -2.87274
1C-3B, 7.036183691565134e-16, -11.49096
2C-3B, 9.951463273870832, -5.74548
3C-3B, 9.951463273870834, 5.745479999999998
4C-3B, 7.036183691565134e-16, 11.49096
5C-3B, -9.95146327387083, 5.745480000000003
6C-3B, -9.951463273870832, -5.745480000000001
1C-3C, -1.6585772123118054, -12.44854
2C-3C, 9.951463273870832, -7.660640000000001
3C-3C, 11.610040486182639, 4.787899999999997
4C-3C, 1.6585772123118068, 12.44854
5C-3C, -9.951463273870829, 7.6606400000000034
6C-3C, -11.610040486182637, -4.7879000000000005
1C-3D, -1.6585772123118052, -14.3637
2C-3D, 11.610040486182637, -8.61822
3C-3D, 13.268617698494445, 5.745479999999997
4C-3D, 1.658577212311807, 14.3637
5C-3D, -11.610040486182632, 8.618220000000006
6C-3D, -13.268617698494444, -5.745479999999998
1C-3E, 9.381578255420179e-16, -15.32128
2C-3E, 13.268617698494444, -7.66064
3C-3E, 13.268617698494445, 7.660639999999997
4C-3E, 9.381578255420179e-16, 15.32128
5C-3E, -13.268617698494442, 7.660640000000005
6C-3E, -13.268617698494444, -7.660640000000002
1C-3F, 1.6585772123118039, -14.3637
2C-3F, 13.268617698494442, -5.745480000000002
3C-3F, 11.61004048618264, 8.618219999999996
4C-3F, -1.658577212311802, 14.3637
5C-3F, -13.26861769849444, 5.745480000000008
6C-3F, -11.610040486182639, -8.618219999999999
1C-3G, 1.658577212311804, -12.44854
2C-3G, 11.610040486182637, -4.787900000000002
3C-3G, 9.951463273870836, 7.660639999999996
4C-3G, -1.6585772123118028, 12.44854
5C-3G, -11.610040486182637, 4.787900000000003
6C-3G, -9.951463273870832, -7.660640000000001
1D-1B, -13.268617698494444, -13.40612
2D-1B, 4.975731636935414, -18.194020000000002
3D-1B, 18.24434933542986, -4.787900000000004
4D-1B, 13.268617698494445, 13.40612
5D-1B, -4.975731636935408, 18.194020000000002
6D-1B, -18.24434933542986, 4.787899999999998
1D-1C, -14.927194910806245, -14.3637
2D-1C, 4.975731636935415, -20.10918
3D-1C, 19.90292654774166, -5.7454800000000015
4D-1C, 14.927194910806248, 14.363699999999998
5D-1C, -4.975731636935409, 20.10918
6D-1C, -19.902926547741664, 5.745479999999996
1D-1D, -14.927194910806248, -16.27886
2D-1D, 6.634308849247223, -21.06676
3D-1D, 21.561503760053473, -4.787900000000001
4D-1D, 14.92719491080625, 16.278859999999998
5D-1D, -6.6343088492472155, 21.066760000000002
6D-1D, -21.561503760053473, 4.787899999999995
1D-1E, -13.26861769849444, -17.23644
2D-1E, 8.29288606155903, -20.10918
3D-1E, 21.56150376005347, -2.872740000000001
4D-1E, 13.268617698494444, 17.236439999999998
5D-1E, -8.292886061559022, 20.109180000000002
6D-1E, -21.56150376005347, 2.8727399999999936
1D-1F, -11.610040486182639, -16.27886
2D-1F, 8.292886061559026, -18.194020000000002
3D-1F, 19.902926547741664, -1.9151600000000044
4D-1F, 11.61004048618264, 16.278859999999998
5D-1F, -8.29288606155902, 18.194020000000002
6D-1F, -19.902926547741664, 1.915159999999998
1D-1G, -11.610040486182639, -14.363699999999996
2D-1G, 6.634308849247216, -17.23644
3D-1G, 18.24434933542986, -2.872740000000007
4D-1G, 11.610040486182642, 14.363699999999996
5D-1G, -6.63430884924721, 17.23644
6D-1G, -18.24434933542986, 2.872740000000001
1D-2B, -8.292886061559031, -14.363699999999996
2D-2B, 8.292886061559022, -14.363700000000003
3D-2B, 16.585772123118055, -7.365562436908692e-15
4D-2B, 8.292886061559033, 14.363699999999996
5D-2B, -8.292886061559017, 14.363700000000005
6D-2B, -16.585772123118055, 2.0311712741963925e-15
1D-2C, -9.951463273870832, -15.321279999999998
2D-2C, 8.292886061559024, -16.278859999999998
3D-2C, 18.24434933542986, -0.9575800000000041
4D-2C, 9.951463273870834, 15.321279999999996
5D-2C, -8.292886061559019, 16.27886
6D-2C, -18.24434933542986, 0.9575799999999981
1D-2D, -9.951463273870836, -17.236439999999995
2D-2D, 9.951463273870827, -17.23644
3D-2D, 19.902926547741664, -8.83867492429043e-15
4D-2D, 9.95146327387084, 17.236439999999995
5D-2D, -9.95146327387082, 17.236440000000005
6D-2D, -19.902926547741664, 2.437405529035671e-15
1D-2E, -8.292886061559027, -18.19402
2D-2E, 11.610040486182637, -16.27886
3D-2E, 19.902926547741664, 1.9151599999999955
4D-2E, 8.29288606155903, 18.19402
5D-2E, -11.610040486182632, 16.278860000000005
6D-2E, -19.902926547741664, -1.9151600000000017
1D-2F, -6.634308849247222, -17.236439999999995
2D-2F, 11.610040486182635, -14.3637
3D-2F, 18.24434933542986, 2.872739999999995
4D-2F, 6.6343088492472235, 17.236439999999995
5D-2F, -11.610040486182633, 14.363700000000001
6D-2F, -18.24434933542986, -2.8727400000000047
1D-2G, -6.63430884924722, -15.321279999999998
2D-2G, 9.95146327387083, -13.406119999999998
3D-2G, 16.58577212311805, 1.9151599999999969
4D-2G, 6.634308849247222, 15.321279999999998
5D-2G, -9.951463273870827, 13.406120000000001
6D-2G, -16.58577212311805, -1.9151600000000022
1D-3B, -3.3171544246236118, -15.321279999999998
2D-3B, 11.610040486182635, -10.533380000000001
3D-3B, 14.92719491080625, 4.787899999999994
4D-3B, 3.3171544246236135, 15.321279999999998
5D-3B, -11.610040486182633, 10.533380000000001
6D-3B, -14.927194910806246, -4.787900000000002
1D-3C, -4.975731636935416, -16.278859999999998
2D-3C, 11.610040486182635, -12.44854
3D-3C, 16.58577212311805, 3.830319999999995
4D-3C, 4.975731636935418, 16.278859999999998
5D-3C, -11.610040486182633, 12.448540000000001
6D-3C, -16.58577212311805, -3.8303200000000044
1D-3D, -4.975731636935416, -18.194020000000002
2D-3D, 13.268617698494442, -13.406120000000001
3D-3D, 18.24434933542986, 4.787899999999996
4D-3D, 4.975731636935419, 18.194020000000002
5D-3D, -13.268617698494438, 13.406120000000005
6D-3D, -18.24434933542986, -4.787900000000002
1D-3E, -3.3171544246236127, -19.151600000000002
2D-3E, 14.927194910806248, -12.448540000000003
3D-3E, 18.244349335429863, 6.703059999999994
4D-3E, 3.3171544246236153, 19.151600000000002
5D-3E, -14.927194910806246, 12.448540000000005
6D-3E, -18.24434933542986, -6.703060000000003
1D-3F, -1.6585772123118043, -18.19402
2D-3F, 14.927194910806246, -10.53338
3D-3F, 16.585772123118055, 7.660639999999996
4D-3F, 1.6585772123118065, 18.19402
5D-3F, -14.927194910806246, 10.533380000000001
6D-3F, -16.585772123118048, -7.660640000000005
1D-3G, -1.6585772123118063, -16.278859999999995
2D-3G, 13.26861769849444, -9.5758
3D-3G, 14.927194910806248, 6.703059999999994
4D-3G, 1.658577212311808, 16.278859999999995
5D-3G, -13.268617698494436, 9.575800000000005
6D-3G, -14.927194910806246, -6.703059999999998
1D-4B, 1.6585772123118048, -16.278859999999995
2D-4B, 14.927194910806245, -6.70306
3D-4B, 13.268617698494444, 9.575799999999994
4D-4B, -1.6585772123118026, 16.278859999999995
5D-4B, -14.927194910806245, 6.7030600000000025
6D-4B, -13.268617698494438, -9.575800000000001
1D-4C, 1.0554275537347702e-15, -17.236439999999998
2D-4C, 14.927194910806246, -8.618219999999999
3D-4C, 14.92719491080625, 8.618219999999996
4D-4C, 1.0554275537347702e-15, 17.236439999999998
5D-4C, -14.927194910806245, 8.618220000000004
6D-4C, -14.927194910806246, -8.61822
1D-4D, -3.0798121737547068e-15, -19.1516
2D-4D, 16.58577212311805, -9.575800000000003
3D-4D, 16.58577212311806, 9.575799999999992
4D-4D, 5.425206737609752e-15, 19.1516
5D-4D, -16.58577212311805, 9.575800000000006
6D-4D, -16.58577212311805, -9.575800000000001
1D-4E, 1.6585772123118028, -20.10918
2D-4E, 18.24434933542986, -8.618220000000004
3D-4E, 16.58577212311806, 11.490959999999994
4D-4E, -1.6585772123118, 20.10918
5D-4E, -18.244349335429856, 8.618220000000006
6D-4E, -16.58577212311805, -11.490960000000003
1D-4F, 3.317154424623611, -19.151600000000002
2D-4F, 18.24434933542986, -6.7030600000000025
3D-4F, 14.927194910806252, 12.448539999999996
4D-4F, -3.3171544246236087, 19.151600000000002
5D-4F, -18.244349335429856, 6.703060000000009
6D-4F, -14.927194910806248, -12.448540000000001
1D-4G, 3.3171544246236095, -17.236439999999998
2D-4G, 16.58577212311805, -5.7454800000000015
3D-4G, 13.268617698494445, 11.490959999999994
4D-4G, -3.3171544246236078, 17.236439999999998
5D-4G, -16.58577212311805, 5.745480000000007
6D-4G, -13.26861769849444, -11.49096
1E-1B, -16.585772123118055, -17.23644
2E-1B, 6.634308849247221, -22.98192
3E-1B, 23.220080972365277, -5.745480000000002
4E-1B, 16.585772123118055, 17.236439999999998
5E-1B, -6.634308849247213, 22.981920000000002
6E-1B, -23.220080972365277, 5.745479999999995
1E-1C, -18.244349335429856, -18.194020000000002
2E-1C, 6.634308849247222, -24.89708
3E-1C, 24.87865818467708, -6.703060000000001
4E-1C, 18.244349335429856, 18.194020000000002
5E-1C, -6.634308849247213, 24.897080000000003
6E-1C, -24.878658184677082, 6.703059999999994
1E-1D, -18.24434933542986, -20.109179999999995
2E-1D, 8.29288606155902, -25.85466
3E-1D, 26.537235396988883, -5.7454800000000095
4E-1D, 18.244349335429863, 20.10917999999999
5E-1D, -8.292886061559011, 25.85466
6E-1D, -26.537235396988883, 5.745480000000001
1E-1E, -16.58577212311806, -21.066759999999995
2E-1E, 9.951463273870823, -24.897080000000003
3E-1E, 26.537235396988883, -3.8303200000000124
4E-1E, 16.585772123118062, 21.06675999999999
5E-1E, -9.951463273870814, 24.897080000000006
6E-1E, -26.537235396988887, 3.8303200000000035
1E-1F, -14.92719491080625, -20.10918
2E-1F, 9.951463273870829, -22.98192
3E-1F, 24.878658184677082, -2.8727400000000065
4E-1F, 14.927194910806254, 20.109179999999995
5E-1F, -9.951463273870822, 22.981920000000006
6E-1F, -24.878658184677082, 2.8727399999999985
1E-1G, -14.927194910806245, -18.19402
2E-1G, 8.292886061559026, -22.024339999999995
3E-1G, 23.22008097236527, -3.830320000000002
4E-1G, 14.927194910806246, 18.194019999999995
5E-1G, -8.292886061559019, 22.02434
6E-1G, -23.220080972365274, 3.830319999999995
1E-2B, -11.610040486182637, -18.19402
2E-2B, 9.951463273870829, -19.1516
3E-2B, 21.561503760053466, -0.9575800000000052
4E-2B, 11.610040486182639, 18.194019999999995
5E-2B, -9.951463273870823, 19.151600000000002
6E-2B, -21.56150376005347, 0.9575799999999981
1E-2C, -13.268617698494438, -19.151600000000002
2E-2C, 9.951463273870834, -21.06676
3E-2C, 23.220080972365274, -1.9151600000000004
4E-2C, 13.268617698494442, 19.1516
5E-2C, -9.951463273870827, 21.06676
6E-2C, -23.220080972365274, 1.915159999999993
1E-2D, -13.268617698494449, -21.066759999999995
2E-2D, 11.610040486182632, -22.024340000000002
3E-2D, 24.878658184677082, -0.9575800000000112
4E-2D, 13.26861769849445, 21.066759999999995
5E-2D, -11.610040486182623, 22.024340000000006
6E-2D, -24.878658184677082, 0.9575800000000031
1E-2E, -11.610040486182642, -22.024339999999995
2E-2E, 13.268617698494436, -21.066760000000006
3E-2E, 24.878658184677082, 0.9575799999999891
4E-2E, 11.610040486182646, 22.024339999999995
5E-2E, -13.26861769849443, 21.066760000000006
6E-2E, -24.878658184677082, -0.9575799999999971
1E-2F, -9.951463273870838, -21.06676
2E-2F, 13.268617698494438, -19.151600000000002
3E-2F, 23.220080972365277, 1.9151599999999904
4E-2F, 9.95146327387084, 21.06676
5E-2F, -13.268617698494433, 19.15160000000001
6E-2F, -23.220080972365277, -1.9151599999999978
1E-2G, -9.951463273870832, -19.1516
2E-2G, 11.610040486182637, -18.194020000000002
3E-2G, 21.561503760053473, 0.9575799999999958
4E-2G, 9.951463273870836, 19.1516
5E-2G, -11.610040486182632, 18.194020000000005
6E-2G, -21.56150376005347, -0.9575800000000027
1E-3B, -6.6343088492472235, -19.1516
2E-3B, 13.26861769849444, -15.321280000000003
3E-3B, 19.902926547741668, 3.8303199999999933
4E-3B, 6.634308849247226, 19.1516
5E-3B, -13.268617698494438, 15.321280000000003
6E-3B, -19.902926547741664, -3.830320000000005
1E-3C, -8.292886061559026, -20.10918
2E-3C, 13.268617698494444, -17.236439999999998
3E-3C, 21.56150376005347, 2.8727399999999963
4E-3C, 8.29288606155903, 20.10918
5E-3C, -13.268617698494433, 17.236440000000005
6E-3C, -21.56150376005347, -2.872739999999998
1E-3D, -8.29288606155903, -22.02434
2E-3D, 14.927194910806246, -18.194020000000002
3E-3D, 23.220080972365277, 3.8303199999999924
4E-3D, 8.292886061559033, 22.024339999999995
5E-3D, -14.92719491080624, 18.19402000000001
6E-3D, -23.220080972365277, -3.8303200000000004
1E-3E, -6.6343088492472235, -22.98192
2E-3E, 16.58577212311805, -17.23644
3E-3E, 23.220080972365277, 5.745479999999993
4E-3E, 6.634308849247226, 22.98192
5E-3E, -16.585772123118048, 17.23644000000001
6E-3E, -23.220080972365277, -5.74548
1E-3F, -4.9757316369354205, -22.02434
2E-3F, 16.58577212311805, -15.321280000000003
3E-3F, 21.561503760053473, 6.703059999999991
4E-3F, 4.975731636935423, 22.024339999999995
5E-3F, -16.585772123118044, 15.321280000000009
6E-3F, -21.561503760053473, -6.703059999999998
1E-3G, -4.975731636935417, -20.10918
2E-3G, 14.927194910806245, -14.3637
3E-3G, 19.902926547741664, 5.7454799999999935
4E-3G, 4.97573163693542, 20.10918
5E-3G, -14.927194910806241, 14.363700000000007
6E-3G, -19.902926547741664, -5.74548
1E-4B, -1.6585772123118045, -20.10918
2E-4B, 16.58577212311805, -11.490960000000001
3E-4B, 18.244349335429863, 8.618219999999996
4E-4B, 1.6585772123118072, 20.10918
5E-4B, -16.58577212311805, 11.490960000000007
6E-4B, -18.24434933542986, -8.61822
1E-4C, -3.317154424623613, -21.066759999999995
2E-4C, 16.58577212311805, -13.406120000000001
3E-4C, 19.902926547741668, 7.660639999999992
4E-4C, 3.3171544246236158, 21.066759999999995
5E-4C, -16.585772123118044, 13.40612000000001
6E-4C, -19.902926547741664, -7.660639999999995
1E-4D, -3.3171544246236104, -22.98192
2E-4D, 18.24434933542986, -14.363700000000001
3E-4D, 21.561503760053473, 8.618219999999997
4E-4D, 3.3171544246236127, 22.98192
5E-4D, -18.244349335429856, 14.363700000000007
6E-4D, -21.56150376005347, -8.618220000000003
1E-4E, -1.658577212311809, -23.9395
2E-4E, 19.90292654774166, -13.406120000000003
3E-4E, 21.561503760053476, 10.533379999999992
4E-4E, 1.6585772123118119, 23.9395
5E-4E, -19.902926547741657, 13.406120000000012
6E-4E, -21.561503760053473, -10.533379999999998
1E-4F, -3.695774608505648e-15, -22.98192
2E-4F, 19.90292654774166, -11.490960000000005
3E-4F, 19.902926547741668, 11.490959999999992
4E-4F, 6.510248085131703e-15, 22.98192
5E-4F, -19.90292654774166, 11.490960000000007
6E-4F, -19.902926547741664, -11.490960000000001
1E-4G, -3.3877933911301773e-15, -21.06676
2E-4G, 18.244349335429856, -10.533380000000005
3E-4G, 18.244349335429863, 10.533379999999992
4E-4G, 5.967727411370727e-15, 21.06676
5E-4G, -18.244349335429856, 10.533380000000006
6E-4G, -18.24434933542986, -10.533380000000001
1E-5B, 3.3171544246236113, -21.066759999999995
2E-5B, 19.90292654774166, -7.660640000000001
3E-5B, 16.58577212311806, 13.406119999999994
4E-5B, -3.317154424623608, 21.066759999999995
5E-5B, -19.90292654774166, 7.660640000000008
6E-5B, -16.58577212311805, -13.406120000000001
1E-5C, 1.6585772123118039, -22.024340000000002
2E-5C, 19.902926547741664, -9.575800000000003
3E-5C, 18.244349335429863, 12.448539999999992
4E-5C, -1.658577212311801, 22.024340000000002
5E-5C, -19.902926547741664, 9.575800000000006
6E-5C, -18.24434933542986, -12.448540000000003
1E-5D, 1.6585772123118012, -23.9395
2E-5D, 21.56150376005347, -10.533380000000006
3E-5D, 19.90292654774167, 13.406119999999992
4E-5D, -1.6585772123117983, 23.9395
5E-5D, -21.561503760053466, 10.533380000000014
6E-5D, -19.902926547741668, -13.406119999999998
1E-5E, 3.317154424623608, -24.89708
2E-5E, 23.220080972365274, -9.575800000000005
3E-5E, 19.90292654774167, 15.321279999999993
4E-5E, -3.3171544246236055, 24.89708
5E-5E, -23.220080972365274, 9.575800000000006
6E-5E, -19.902926547741664, -15.321280000000002
1E-5F, 4.975731636935416, -23.9395
2E-5F, 23.220080972365274, -7.660640000000003
3E-5F, 18.244349335429863, 16.278859999999995
4E-5F, -4.9757316369354125, 23.9395
5E-5F, -23.220080972365274, 7.660640000000005
6E-5F, -18.244349335429852, -16.278860000000005
1E-5G, 4.9757316369354125, -22.02434
2E-5G, 21.56150376005347, -6.703060000000005
3E-5G, 16.58577212311806, 15.321279999999994
4E-5G, -4.975731636935411, 22.02434
5E-5G, -21.561503760053466, 6.703060000000012
6E-5G, -16.585772123118055, -15.32128
1F-1B, -19.902926547741664, -21.06676
2F-1B, 8.292886061559026, -27.76982
3F-1B, 28.19581260930069, -6.703060000000006
4F-1B, 19.902926547741668, 21.066759999999995
5F-1B, -8.292886061559015, 27.769820000000003
6F-1B, -28.19581260930069, 6.703059999999996
1F-1C, -21.561503760053473, -22.024339999999995
2F-1C, 8.29288606155902, -29.684980000000003
3F-1C, 29.854389821612497, -7.66064000000001
4F-1C, 21.561503760053473, 22.02433999999999
5F-1C, -8.292886061559011, 29.684980000000003
6F-1C, -29.8543898216125, 7.660640000000001
1F-1D, -21.561503760053466, -23.939500000000002
2F-1D, 9.951463273870834, -30.642559999999992
3F-1D, 31.5129670339243, -6.703060000000002
4F-1D, 21.56150376005347, 23.9395
5F-1D, -9.951463273870823, 30.642559999999996
6F-1D, -31.5129670339243, 6.703059999999991
1F-1E, -19.90292654774166, -24.89708
2F-1E, 11.610040486182639, -29.68498
3F-1E, 31.5129670339243, -4.787900000000003
4F-1E, 19.902926547741664, 24.897079999999995
5F-1E, -11.610040486182628, 29.684980000000003
6F-1E, -31.512967033924305, 4.787899999999993
1F-1F, -18.244349335429863, -23.939499999999995
2F-1F, 11.610040486182633, -27.76982
3F-1F, 29.854389821612497, -3.830320000000009
4F-1F, 18.244349335429867, 23.939499999999995
5F-1F, -11.610040486182623, 27.769820000000006
6F-1F, -29.8543898216125, 3.8303199999999995
1F-1G, -18.244349335429863, -22.02433999999999
2F-1G, 9.951463273870823, -26.81224
3F-1G, 28.195812609300688, -4.787900000000012
4F-1G, 18.244349335429867, 22.02433999999999
5F-1G, -9.951463273870814, 26.812240000000003
6F-1G, -28.195812609300688, 4.787900000000002
1F-2B, -14.927194910806248, -22.024339999999995
2F-2B, 11.610040486182632, -23.9395
3F-2B, 26.537235396988883, -1.9151600000000066
4F-2B, 14.927194910806252, 22.024339999999995
5F-2B, -11.610040486182625, 23.939500000000002
6F-2B, -26.537235396988883, 1.9151599999999982
1F-2C, -16.58577212311805, -22.98192
2F-2C, 11.610040486182637, -25.85466
3F-2C, 28.19581260930069, -2.8727400000000034
4F-2C, 16.585772123118055, 22.98192
5F-2C, -11.61004048618263, 25.854660000000003
6F-2C, -28.19581260930069, 2.8727399999999945
1F-2D, -16.585772123118062, -24.897079999999995
2F-2D, 13.268617698494435, -26.812240000000003
3F-2D, 29.854389821612497, -1.9151600000000137
4F-2D, 16.585772123118065, 24.897079999999992
5F-2D, -13.268617698494426, 26.812240000000006
6F-2D, -29.854389821612497, 1.9151600000000042
1F-2E, -14.927194910806241, -25.85466
2F-2E, 14.927194910806252, -25.854659999999996
3F-2E, 29.854389821612497, 0.0
4F-2E, 14.927194910806245, 25.85466
5F-2E, -14.927194910806241, 25.85466
6F-2E, -29.854389821612497, -9.601904092882139e-15
1F-2F, -13.26861769849444, -24.897080000000003
2F-2F, 14.92719491080625, -23.9395
3F-2F, 28.19581260930069, 0.9575799999999985
4F-2F, 13.268617698494442, 24.89708
5F-2F, -14.927194910806241, 23.939500000000002
6F-2F, -28.19581260930069, -0.9575800000000078
1F-2G, -13.268617698494449, -22.981919999999995
2F-2G, 13.268617698494436, -22.981920000000002
3F-2G, 26.537235396988887, -1.1784899899053908e-14
4F-2G, 13.268617698494452, 22.981919999999995
5F-2G, -13.268617698494428, 22.981920000000006
6F-2G, -26.537235396988887, 3.2498740387142283e-15
1F-3B, -9.95146327387083, -22.98192
2F-3B, 14.927194910806248, -20.10918
3F-3B, 24.878658184677082, 2.8727399999999954
4F-3B, 9.951463273870834, 22.98192
5F-3B, -14.927194910806241, 20.109180000000006
6F-3B, -24.878658184677082, -2.8727400000000034
1F-3C, -11.610040486182637, -23.939500000000002
2F-3C, 14.927194910806246, -22.024340000000002
3F-3C, 26.537235396988887, 1.915159999999995
4F-3C, 11.61004048618264, 23.9395
5F-3C, -14.927194910806241, 22.024340000000002
6F-3C, -26.537235396988887, -1.915160000000004
1F-3D, -11.61004048618264, -25.85466
2F-3D, 16.585772123118048, -22.981920000000002
3F-3D, 28.19581260930069, 2.872739999999991
4F-3D, 11.610040486182642, 25.854659999999996
5F-3D, -16.58577212311804, 22.98192000000001
6F-3D, -28.19581260930069, -2.87274
1F-3E, -9.951463273870832, -26.812239999999996
2F-3E, 18.244349335429856, -22.02434
3F-3E, 28.19581260930069, 4.787899999999993
4F-3E, 9.951463273870836, 26.812239999999996
5F-3E, -18.244349335429852, 22.024340000000002
6F-3E, -28.195812609300688, -4.787900000000008
1F-3F, -8.29288606155903, -25.85466
2F-3F, 18.244349335429856, -20.109180000000002
3F-3F, 26.53723539698889, 5.745479999999992
4F-3F, 8.292886061559033, 25.85466
5F-3F, -18.244349335429845, 20.109180000000013
6F-3F, -26.537235396988887, -5.745479999999995
1F-3G, -8.29288606155903, -23.939499999999995
2F-3G, 16.585772123118048, -19.151600000000002
3F-3G, 24.878658184677082, 4.787899999999992
4F-3G, 8.292886061559031, 23.939499999999995
5F-3G, -16.585772123118048, 19.151600000000002
6F-3G, -24.87865818467708, -4.787900000000006
1F-4B, -4.975731636935418, -23.9395
2F-4B, 18.244349335429856, -16.27886
3F-4B, 23.220080972365277, 7.660639999999992
4F-4B, 4.975731636935421, 23.9395
5F-4B, -18.244349335429852, 16.27886000000001
6F-4B, -23.220080972365277, -7.66064
1F-4C, -6.63430884924722, -24.897080000000003
2F-4C, 18.24434933542986, -18.194020000000002
3F-4C, 24.878658184677086, 6.703059999999998
4F-4C, 6.634308849247223, 24.897080000000003
5F-4C, -18.244349335429852, 18.194020000000013
6F-4C, -24.878658184677086, -6.703059999999999
1F-4D, -6.6343088492472235, -26.81224
2F-4D, 19.90292654774166, -19.151600000000002
3F-4D, 26.537235396988887, 7.660639999999992
4F-4D, 6.634308849247227, 26.81224
5F-4D, -19.902926547741657, 19.15160000000001
6F-4D, -26.537235396988887, -7.66064
1F-4E, -4.975731636935413, -27.76982
2F-4E, 21.561503760053473, -18.19402
3F-4E, 26.537235396988887, 9.575799999999996
4F-4E, 4.975731636935417, 27.769819999999996
5F-4E, -21.561503760053466, 18.194020000000005
6F-4E, -26.537235396988883, -9.575800000000005
1F-4F, -3.317154424623608, -26.812239999999996
2F-4F, 21.56150376005347, -16.278859999999998
3F-4F, 24.878658184677082, 10.533379999999996
4F-4F, 3.3171544246236118, 26.812239999999996
5F-4F, -21.561503760053462, 16.278860000000005
6F-4F, -24.87865818467708, -10.533380000000003
1F-4G, -3.317154424623611, -24.89708
2F-4G, 19.902926547741664, -15.321280000000002
3F-4G, 23.220080972365277, 9.575799999999994
4F-4G, 3.3171544246236135, 24.89708
5F-4G, -19.902926547741657, 15.321280000000007
6F-4G, -23.220080972365274, -9.575800000000001
1F-5B, 1.5245064665057791e-15, -24.89708
2F-5B, 21.56150376005347, -12.44854
3F-5B, 21.561503760053473, 12.448539999999996
4F-5B, 1.5245064665057791e-15, 24.89708
5F-5B, -21.561503760053466, 12.448540000000008
6F-5B, -21.56150376005347, -12.448540000000003
1F-5C, -1.6585772123118043, -25.85466
2F-5C, 21.56150376005347, -14.363700000000001
3F-5C, 23.220080972365277, 11.490959999999996
4F-5C, 1.6585772123118072, 25.85466
5F-5C, -21.561503760053466, 14.363700000000009
6F-5C, -23.220080972365274, -11.490960000000003
1F-5D, -1.658577212311807, -27.76982
2F-5D, 23.220080972365274, -15.321280000000003
3F-5D, 24.878658184677086, 12.448539999999992
4F-5D, 1.6585772123118105, 27.76982
5F-5D, -23.220080972365267, 15.321280000000012
6F-5D, -24.878658184677082, -12.44854
1F-5E, 1.7590459228912837e-15, -28.7274
2F-5E, 24.878658184677082, -14.3637
3F-5E, 24.878658184677082, 14.363699999999994
4F-5E, 1.7590459228912837e-15, 28.7274
5F-5E, -24.87865818467708, 14.363700000000009
6F-5E, -24.878658184677082, -14.363700000000003
1F-5F, 1.6585772123118043, -27.76982
2F-5F, 24.87865818467708, -12.448540000000003
3F-5F, 23.220080972365277, 15.321279999999994
4F-5F, -1.6585772123118008, 27.76982
5F-5F, -24.87865818467708, 12.448540000000007
6F-5F, -23.220080972365274, -15.321280000000007
1F-5G, 1.6585772123118072, -25.85466
2F-5G, 23.220080972365274, -11.49096
3F-5G, 21.561503760053473, 14.363699999999996
4F-5G, -1.6585772123118043, 25.85466
5F-5G, -23.22008097236527, 11.490960000000008
6F-5G, -21.561503760053466, -14.363700000000001
1F-6B, 4.975731636935415, -25.85466
2F-6B, 24.87865818467708, -8.618220000000003
3F-6B, 19.902926547741668, 17.236439999999995
4F-6B, -4.975731636935412, 25.85466
5F-6B, -24.878658184677075, 8.618220000000012
6F-6B, -19.90292654774166, -17.236439999999998
1F-6C, 3.3171544246236118, -26.812239999999996
2F-6C, 24.87865818467708, -10.533380000000001
3F-6C, 21.561503760053473, 16.278859999999995
4F-6C, -3.317154424623608, 26.812239999999996
5F-6C, -24.878658184677075, 10.533380000000008
6F-6C, -21.56150376005347, -16.278859999999998
1F-6D, 3.317154424623614, -28.7274
2F-6D, 26.537235396988887, -11.49096
3F-6D, 23.22008097236528, 17.236439999999998
4F-6D, -3.3171544246236104, 28.7274
5F-6D, -26.537235396988883, 11.490960000000003
6F-6D, -23.22008097236527, -17.23644000000001
1F-6E, 4.975731636935421, -29.68498
2F-6E, 28.19581260930069, -10.53338
3F-6E, 23.22008097236528, 19.1516
4F-6E, -4.975731636935417, 29.68498
5F-6E, -28.195812609300688, 10.533380000000015
6F-6E, -23.220080972365277, -19.1516
1F-6F, 6.6343088492472235, -28.7274
2F-6F, 28.195812609300695, -8.618220000000003
3F-6F, 21.561503760053476, 20.10918
4F-6F, -6.63430884924722, 28.7274
5F-6F, -28.19581260930069, 8.618220000000012
6F-6F, -21.56150376005347, -20.109180000000002
1F-6G, 6.634308849247221, -26.81224
2F-6G, 26.537235396988883, -7.6606400000000034
3F-6G, 19.90292654774167, 19.151599999999995
4F-6G, -6.634308849247217, 26.81224
5F-6G, -26.537235396988883, 7.660640000000006
6F-6G, -19.90292654774166, -19.151600000000006
1G-1B, -23.22008097236528, -24.897079999999995
2G-1B, 9.951463273870825, -32.55772
3G-1B, 33.17154424623611, -7.660640000000014
4G-1B, 23.220080972365285, 24.897079999999992
5G-1B, -9.951463273870813, 32.55772000000001
6G-1B, -33.17154424623611, 7.6606400000000034
1G-1C, -24.878658184677082, -25.854660000000006
2G-1C, 9.951463273870832, -34.47288
3G-1C, 34.830121458547914, -8.618220000000004
4G-1C, 24.878658184677082, 25.854660000000003
5G-1C, -9.95146327387082, 34.47288000000001
6G-1C, -34.83012145854792, 8.618219999999994
1G-1D, -24.87865818467708, -27.769820000000006
2G-1D, 11.610040486182642, -35.430460000000004
3G-1D, 36.48869867085972, -7.660640000000002
4G-1D, 24.878658184677082, 27.769820000000003
5G-1D, -11.61004048618263, 35.430460000000004
6G-1D, -36.488698670859726, 7.660639999999989
1G-1E, -23.220080972365277, -28.727399999999992
2G-1E, 13.268617698494433, -34.47288
3G-1E, 36.48869867085972, -5.745480000000014
4G-1E, 23.220080972365285, 28.727399999999992
5G-1E, -13.26861769849442, 34.47288
6G-1E, -36.48869867085972, 5.745480000000002
1G-1F, -21.561503760053473, -27.769820000000003
2G-1F, 13.268617698494444, -32.55772
3G-1F, 34.83012145854792, -4.787900000000008
4G-1F, 21.561503760053476, 27.769820000000003
5G-1F, -13.268617698494431, 32.55772000000001
6G-1F, -34.83012145854792, 4.787899999999997
1G-1G, -21.561503760053476, -25.854659999999996
2G-1G, 11.61004048618263, -31.60014
3G-1G, 33.17154424623611, -5.745480000000013
4G-1G, 21.561503760053476, 25.854659999999992
5G-1G, -11.61004048618262, 31.600140000000007
6G-1G, -33.17154424623611, 5.7454800000000015
1G-2B, -18.24434933542986, -25.85466
2G-2B, 13.26861769849444, -28.7274
3G-2B, 31.512967033924305, -2.8727400000000074
4G-2B, 18.244349335429863, 25.854659999999996
5G-2B, -13.26861769849443, 28.727400000000006
6G-2B, -31.512967033924305, 2.872739999999997
1G-2C, -19.902926547741664, -26.812239999999996
2G-2C, 13.268617698494438, -30.642559999999996
3G-2C, 33.1715442462361, -3.8303200000000084
4G-2C, 19.902926547741668, 26.812239999999992
5G-2C, -13.268617698494428, 30.642560000000003
6G-2C, -33.1715442462361, 3.8303199999999977
1G-2D, -19.902926547741657, -28.727400000000003
2G-2D, 14.927194910806252, -31.600139999999996
3G-2D, 34.830121458547914, -2.8727400000000007
4G-2D, 19.90292654774166, 28.7274
5G-2D, -14.92719491080624, 31.600140000000003
6G-2D, -34.830121458547914, 2.8727399999999896
1G-2E, -18.244349335429856, -29.68498
2G-2E, 16.58577212311805, -30.642559999999996
3G-2E, 34.830121458547914, -0.957580000000005
4G-2E, 18.24434933542986, 29.68498
5G-2E, -16.585772123118044, 30.642560000000007
6G-2E, -34.830121458547914, 0.9575799999999938
1G-2F, -16.585772123118062, -28.727399999999992
2G-2F, 16.585772123118044, -28.727400000000006
3G-2F, 33.17154424623611, -1.4731124873817385e-14
4G-2F, 16.585772123118065, 28.727399999999992
5G-2F, -16.585772123118034, 28.72740000000001
6G-2F, -33.17154424623611, 4.062342548392785e-15
1G-2G, -16.585772123118062, -26.812239999999996
2G-2G, 14.92719491080624, -27.769820000000003
3G-2G, 31.512967033924305, -0.9575800000000142
4G-2G, 16.585772123118065, 26.812239999999992
5G-2G, -14.92719491080623, 27.76982000000001
6G-2G, -31.512967033924305, 0.957580000000004
1G-3B, -13.268617698494449, -26.81224
2G-3B, 16.585772123118048, -24.897080000000006
3G-3B, 29.8543898216125, 1.915159999999987
4G-3B, 13.268617698494452, 26.812239999999996
5G-3B, -16.585772123118037, 24.89708000000001
6G-3B, -29.8543898216125, -1.9151599999999966
1G-3C, -14.927194910806255, -27.76982
2G-3C, 16.585772123118048, -26.81224000000001
3G-3C, 31.51296703392431, 0.9575799999999863
4G-3C, 14.927194910806259, 27.769819999999996
5G-3C, -16.585772123118037, 26.812240000000013
6G-3C, -31.51296703392431, -0.9575799999999963
1G-3D, -14.92719491080625, -29.684980000000003
2G-3D, 18.24434933542986, -27.769820000000003
3G-3D, 33.17154424623612, 1.9151599999999953
4G-3D, 14.927194910806254, 29.684980000000003
5G-3D, -18.244349335429852, 27.76982000000001
6G-3D, -33.17154424623612, -1.915160000000006
1G-3E, -13.268617698494444, -30.642560000000003
2G-3E, 19.902926547741668, -26.812240000000003
3G-3E, 33.17154424623611, 3.830319999999994
4G-3E, 13.268617698494447, 30.642560000000003
5G-3E, -19.902926547741657, 26.81224000000001
6G-3E, -33.17154424623611, -3.830320000000005
1G-3F, -11.61004048618264, -29.68498
2G-3F, 19.90292654774166, -24.897080000000003
3G-3F, 31.512967033924305, 4.787899999999989
4G-3F, 11.610040486182644, 29.68498
5G-3F, -19.90292654774165, 24.89708000000001
6G-3F, -31.512967033924305, -4.7879
1G-3G, -11.610040486182642, -27.769819999999996
2G-3G, 18.244349335429856, -23.939500000000002
3G-3G, 29.8543898216125, 3.8303199999999893
4G-3G, 11.610040486182644, 27.769819999999996
5G-3G, -18.24434933542984, 23.939500000000013
6G-3G, -29.8543898216125, -3.830319999999992
1G-4B, -8.292886061559026, -27.76982
2G-4B, 19.902926547741664, -21.066760000000002
3G-4B, 28.19581260930069, 6.703059999999994
4G-4B, 8.29288606155903, 27.769819999999996
5G-4B, -19.902926547741657, 21.06676000000001
6G-4B, -28.19581260930069, -6.7030600000000025
1G-4C, -9.951463273870836, -28.727399999999996
2G-4C, 19.90292654774166, -22.981920000000002
3G-4C, 29.854389821612497, 5.74547999999999
4G-4C, 9.951463273870838, 28.727399999999996
5G-4C, -19.902926547741657, 22.981920000000002
6G-4C, -29.854389821612493, -5.745480000000007
1G-4D, -9.951463273870838, -30.64256
2G-4D, 21.56150376005347, -23.939500000000006
3G-4D, 31.51296703392431, 6.703059999999988
4G-4D, 9.951463273870841, 30.64256
5G-4D, -21.56150376005346, 23.939500000000013
6G-4D, -31.51296703392431, -6.703059999999998
1G-4E, -8.292886061559026, -31.60014
2G-4E, 23.220080972365274, -22.98192
3G-4E, 31.512967033924305, 8.618219999999996
4G-4E, 8.29288606155903, 31.60014
5G-4E, -23.22008097236527, 22.981920000000002
6G-4E, -31.5129670339243, -8.618220000000012
1G-4F, -6.634308849247224, -30.64256
2G-4F, 23.220080972365274, -21.066760000000006
3G-4F, 29.854389821612504, 9.57579999999999
4G-4F, 6.634308849247228, 30.64256
5G-4F, -23.22008097236527, 21.066760000000006
6G-4F, -29.854389821612497, -9.575800000000006
1G-4G, -6.634308849247226, -28.7274
2G-4G, 21.56150376005347, -20.109180000000006
3G-4G, 28.1958126093007, 8.618219999999988
4G-4G, 6.63430884924723, 28.7274
5G-4G, -21.561503760053455, 20.109180000000016
6G-4G, -28.1958126093007, -8.618219999999992
1G-5B, -3.3171544246236104, -28.7274
2G-5B, 23.220080972365274, -17.23644
3G-5B, 26.53723539698889, 11.490959999999994
4G-5B, 3.317154424623614, 28.7274
5G-5B, -23.220080972365263, 17.236440000000012
6G-5B, -26.537235396988887, -11.490959999999996
1G-5C, -4.975731636935417, -29.68498
2G-5C, 23.220080972365274, -19.151600000000002
3G-5C, 28.195812609300695, 10.533379999999992
4G-5C, 4.975731636935421, 29.68498
5G-5C, -23.220080972365274, 19.151600000000006
6G-5C, -28.195812609300688, -10.533380000000006
1G-5D, -4.9757316369354205, -31.60014
2G-5D, 24.87865818467708, -20.109180000000006
3G-5D, 29.854389821612504, 11.49095999999999
4G-5D, 4.975731636935425, 31.60014
5G-5D, -24.878658184677068, 20.10918000000002
6G-5D, -29.8543898216125, -11.490959999999994
1G-5E, -3.3171544246236127, -32.55771999999999
2G-5E, 26.53723539698888, -19.1516
3G-5E, 29.854389821612497, 13.406119999999987
4G-5E, 3.317154424623616, 32.55771999999999
5G-5E, -26.537235396988873, 19.15160000000001
6G-5E, -29.854389821612493, -13.406119999999996
1G-5F, -1.6585772123118108, -31.60014
2G-5F, 26.537235396988883, -17.236440000000005
3G-5F, 28.1958126093007, 14.363699999999987
4G-5F, 1.6585772123118145, 31.60014
5G-5F, -26.537235396988876, 17.236440000000016
6G-5F, -28.195812609300695, -14.363699999999998
1G-5G, -1.6585772123118092, -29.68498
2G-5G, 24.87865818467708, -16.278860000000005
3G-5G, 26.53723539698889, 13.40611999999999
4G-5G, 1.6585772123118128, 29.68498
5G-5G, -24.87865818467707, 16.278860000000012
6G-5G, -26.537235396988887, -13.406119999999998
1G-6B, 1.6585772123118063, -29.68498
2G-6B, 26.537235396988887, -13.406120000000001
3G-6B, 24.878658184677086, 16.278859999999995
4G-6B, -1.6585772123118026, 29.68498
5G-6B, -26.537235396988883, 13.406120000000005
6G-6B, -24.878658184677075, -16.27886000000001
1G-6C, 1.8763156510840358e-15, -30.64256
2G-6C, 26.537235396988887, -15.32128
3G-6C, 26.53723539698889, 15.321279999999994
4G-6C, 1.8763156510840358e-15, 30.64256
5G-6C, -26.537235396988883, 15.32128000000001
6G-6C, -26.537235396988887, -15.321280000000003
1G-6D, 1.993585379276788e-15, -32.557719999999996
2G-6D, 28.195812609300688, -16.278859999999998
3G-6D, 28.19581260930069, 16.27885999999999
4G-6D, 1.993585379276788e-15, 32.557719999999996
5G-6D, -28.195812609300685, 16.27886000000001
6G-6D, -28.195812609300688, -16.27886
1G-6E, 1.6585772123118074, -33.515299999999996
2G-6E, 29.854389821612497, -15.321280000000002
3G-6E, 28.195812609300695, 18.19401999999999
4G-6E, -1.6585772123118034, 33.515299999999996
5G-6E, -29.854389821612486, 15.321280000000018
6G-6E, -28.195812609300695, -18.194019999999995
1G-6F, 3.31715442462361, -32.557719999999996
2G-6F, 29.854389821612493, -13.406120000000003
3G-6F, 26.53723539698889, 19.15159999999999
4G-6F, -3.317154424623606, 32.557719999999996
5G-6F, -29.854389821612493, 13.406120000000007
6G-6F, -26.53723539698888, -19.151600000000006
1G-6G, 3.317154424623609, -30.64256
2G-6G, 28.195812609300688, -12.448540000000005
3G-6G, 24.878658184677086, 18.19401999999999
4G-6G, -3.317154424623605, 30.64256
5G-6G, -28.195812609300685, 12.448540000000014
6G-6G, -24.87865818467708, -18.19402
1G-7B, 6.63430884924722, -30.642559999999996
2G-7B, 29.854389821612493, -9.575800000000003
3G-7B, 23.220080972365277, 21.06675999999999
4G-7B, -6.634308849247217, 30.642559999999996
5G-7B, -29.85438982161249, 9.575800000000013
6G-7B, -23.22008097236527, -21.06676
1G-7C, 4.975731636935416, -31.600139999999993
2G-7C, 29.85438982161249, -11.49096
3G-7C, 24.878658184677082, 20.109179999999988
4G-7C, -4.975731636935412, 31.600139999999993
5G-7C, -29.854389821612486, 11.49096000000001
6G-7C, -24.878658184677075, -20.10918
1G-7D, 4.97573163693541, -33.515299999999996
2G-7D, 31.512967033924294, -12.448540000000007
3G-7D, 26.537235396988894, 21.066759999999984
4G-7D, -4.9757316369354045, 33.515299999999996
5G-7D, -31.512967033924287, 12.448540000000026
6G-7D, -26.53723539698889, -21.066759999999988
1G-7E, 6.634308849247219, -34.472879999999996
2G-7E, 33.1715442462361, -11.490960000000003
3G-7E, 26.53723539698889, 22.981919999999988
4G-7E, -6.6343088492472155, 34.472879999999996
5G-7E, -33.1715442462361, 11.490960000000014
6G-7E, -26.53723539698888, -22.98192
1G-7F, 8.292886061559026, -33.515299999999996
2G-7F, 33.1715442462361, -9.575800000000003
3G-7F, 24.878658184677086, 23.939499999999992
4G-7F, -8.29288606155902, 33.515299999999996
5G-7F, -33.1715442462361, 9.575800000000006
6G-7F, -24.87865818467707, -23.939500000000002
1G-7G, 8.292886061559022, -31.60014
2G-7G, 31.5129670339243, -8.618220000000008
3G-7G, 23.220080972365285, 22.98191999999999
4G-7G, -8.292886061559019, 31.600140000000003
5G-7G, -31.512967033924298, 8.618220000000019
6G-7G, -23.220080972365277, -22.98192
1J-3B, -21.56150376005347, -29.684979999999996
2J-3B, 14.927194910806241, -33.515299999999996
3J-3B, 36.48869867085971, -3.8303200000000106
4J-3B, 21.561503760053476, 29.684979999999992
5J-3B, -14.92719491080623, 33.5153
6J-3B, -36.48869867085972, 3.8303199999999986
1J-3C, -23.220080972365277, -30.64256
2J-3C, 14.927194910806246, -35.43046
3J-3C, 38.147275883171524, -4.787900000000007
4J-3C, 23.22008097236528, 30.64256
5J-3C, -14.927194910806236, 35.430460000000004
6J-3C, -38.147275883171524, 4.787899999999995
1J-3D, -23.220080972365277, -32.55772
2J-3D, 16.58577212311805, -36.388040000000004
3J-3D, 39.80585309548333, -3.830320000000009
4J-3D, 23.22008097236528, 32.557719999999996
5J-3D, -16.58577212311804, 36.388040000000004
6J-3D, -39.80585309548333, 3.830319999999996
1J-3E, -21.561503760053466, -33.5153
2J-3E, 18.24434933542986, -35.43046
3J-3E, 39.80585309548333, -1.9151600000000035
4J-3E, 21.56150376005347, 33.515299999999996
5J-3E, -18.24434933542985, 35.430460000000004
6J-3E, -39.80585309548333, 1.9151599999999909
1J-3F, -19.90292654774166, -32.55772
2J-3F, 18.244349335429867, -33.515299999999996
3J-3F, 38.14727588317153, -0.9575799999999998
4J-3F, 19.902926547741664, 32.55772
5J-3F, -18.244349335429856, 33.51530000000001
6J-3F, -38.14727588317153, 0.9575799999999876
1J-3G, -19.902926547741664, -30.642559999999996
2J-3G, 16.585772123118048, -32.557719999999996
3J-3G, 36.48869867085972, -1.9151600000000082
4J-3G, 19.902926547741668, 30.642559999999992
5J-3G, -16.585772123118037, 32.55772
6J-3G, -36.48869867085972, 1.9151599999999962
1H-3B, -16.585772123118055, -30.642559999999996
2H-3B, 18.244349335429852, -29.684980000000003
3H-3B, 34.830121458547914, 0.9575799999999896
4H-3B, 16.585772123118062, 30.642559999999992
5H-3B, -18.244349335429845, 29.684980000000007
6H-3B, -34.830121458547914, -0.9575800000000007
1H-3C, -18.244349335429867, -31.600139999999993
2H-3C, 18.24434933542985, -31.600140000000003
3H-3C, 36.48869867085972, -1.6204237361199123e-14
4H-3C, 18.24434933542987, 31.600139999999993
5H-3C, -18.24434933542984, 31.600140000000007
6H-3C, -36.48869867085972, 4.468576803232064e-15
1H-3D, -18.244349335429867, -33.515299999999996
2H-3D, 19.902926547741654, -32.55772
3H-3D, 38.147275883171524, 0.9575799999999827
4H-3D, 18.24434933542987, 33.51529999999999
5H-3D, -19.90292654774164, 32.55772000000001
6H-3D, -38.147275883171524, -0.957579999999995
1H-3E, -16.58577212311806, -34.47287999999999
2H-3E, 21.561503760053462, -31.60014
3H-3E, 38.147275883171524, 2.8727399999999856
4H-3E, 16.585772123118062, 34.47287999999999
5H-3E, -21.561503760053448, 31.60014000000001
6H-3E, -38.147275883171524, -2.872739999999998
1H-3F, -14.927194910806252, -33.515299999999996
2H-3F, 21.561503760053462, -29.68498
3H-3F, 36.48869867085972, 3.830319999999986
4H-3F, 14.927194910806257, 33.51529999999999
5H-3F, -21.56150376005346, 29.684980000000003
6H-3F, -36.48869867085971, -3.8303200000000057
1H-3G, -14.927194910806254, -31.600139999999993
2H-3G, 19.902926547741654, -28.727400000000003
3H-3G, 34.830121458547914, 2.872739999999985
4H-3G, 14.927194910806257, 31.600139999999993
5H-3G, -19.902926547741647, 28.72740000000001
6H-3G, -34.830121458547914, -2.8727399999999963
1H-4B, -11.61004048618264, -31.600139999999996
2H-4B, 21.561503760053466, -25.854660000000003
3H-4B, 33.17154424623611, 5.74547999999999
4H-4B, 11.610040486182644, 31.600139999999996
5H-4B, -21.56150376005345, 25.854660000000017
6H-4B, -33.17154424623611, -5.745479999999993
1H-4C, -13.268617698494444, -32.557719999999996
2H-4C, 21.56150376005347, -27.76982
3H-4C, 34.830121458547914, 4.787899999999991
4H-4C, 13.268617698494447, 32.557719999999996
5H-4C, -21.561503760053455, 27.76982000000001
6H-4C, -34.830121458547914, -4.787900000000002
1H-4D, -13.268617698494444, -34.47287999999999
2H-4D, 23.22008097236527, -28.7274
3H-4D, 36.48869867085972, 5.74547999999999
4H-4D, 13.268617698494447, 34.47287999999999
5H-4D, -23.220080972365267, 28.727400000000003
6H-4D, -36.48869867085972, -5.7454800000000095
1H-4E, -11.610040486182635, -35.43046
2H-4E, 24.87865818467708, -27.769819999999996
3H-4E, 36.48869867085972, 7.660639999999992
4H-4E, 11.61004048618264, 35.43046
5H-4E, -24.87865818467706, 27.769820000000013
6H-4E, -36.48869867085972, -7.6606399999999955
1H-4F, -9.951463273870834, -34.472879999999996
2H-4F, 24.878658184677075, -25.85466
3H-4F, 34.830121458547914, 8.618219999999988
4H-4F, 9.951463273870838, 34.472879999999996
5H-4F, -24.878658184677068, 25.85466000000001
6H-4F, -34.830121458547914, -8.618219999999999
1H-4G, -9.951463273870832, -32.557719999999996
2H-4G, 23.22008097236527, -24.89708
3H-4G, 33.1715442462361, 7.66063999999999
4H-4G, 9.951463273870836, 32.557719999999996
5H-4G, -23.220080972365267, 24.897080000000003
6H-4G, -33.1715442462361, -7.660640000000009
1H-5B, -6.634308849247223, -32.557719999999996
2H-5B, 24.878658184677075, -22.02434
3H-5B, 31.512967033924305, 10.53337999999999
4H-5B, 6.634308849247226, 32.557719999999996
5H-5B, -24.87865818467707, 22.024340000000002
6H-5B, -31.5129670339243, -10.533380000000006
1H-5C, -8.292886061559027, -33.515299999999996
2H-5C, 24.878658184677075, -23.9395
3H-5C, 33.1715442462361, 9.575799999999989
4H-5C, 8.292886061559033, 33.515299999999996
5H-5C, -24.878658184677068, 23.93950000000001
6H-5C, -33.1715442462361, -9.5758
1H-5D, -8.29288606155903, -35.43046
2H-5D, 26.53723539698888, -24.897080000000003
3H-5D, 34.830121458547914, 10.533379999999989
4H-5D, 8.292886061559033, 35.43046
5H-5D, -26.537235396988873, 24.89708000000001
6H-5D, -34.83012145854791, -10.533380000000001
1H-5E, -6.634308849247223, -36.38804
2H-5E, 28.195812609300688, -23.939500000000002
3H-5E, 34.83012145854792, 12.44853999999999
4H-5E, 6.634308849247227, 36.38804
5H-5E, -28.19581260930068, 23.93950000000001
6H-5E, -34.830121458547914, -12.448540000000001
1H-5F, -4.975731636935416, -35.43046
2H-5F, 28.195812609300685, -22.02434
3H-5F, 33.17154424623611, 13.40611999999999
4H-5F, 4.9757316369354205, 35.43046
5H-5F, -28.195812609300674, 22.024340000000016
6H-5F, -33.17154424623611, -13.406119999999992
1H-5G, -4.97573163693542, -33.515299999999996
2H-5G, 26.537235396988876, -21.066760000000002
3H-5G, 31.5129670339243, 12.448539999999987
4H-5G, 4.975731636935425, 33.51529999999999
5H-5G, -26.537235396988866, 21.066760000000016
6H-5G, -31.5129670339243, -12.44853999999999
1H-6B, -1.6585772123118034, -33.515299999999996
2H-6B, 28.19581260930069, -18.194020000000002
3H-6B, 29.8543898216125, 15.321279999999994
4H-6B, 1.6585772123118074, 33.515299999999996
5H-6B, -28.195812609300688, 18.194020000000005
6H-6B, -29.85438982161249, -15.32128000000001
1H-6C, -3.3171544246236078, -34.472879999999996
2H-6C, 28.195812609300685, -20.109179999999995
3H-6C, 31.5129670339243, 14.36369999999999
4H-6C, 3.317154424623612, 34.472879999999996
5H-6C, -28.195812609300674, 20.109180000000013
6H-6C, -31.5129670339243, -14.363699999999996
1H-6D, -3.3171544246236087, -36.38804
2H-6D, 29.854389821612493, -21.06676
3H-6D, 33.17154424623611, 15.321279999999993
4H-6D, 3.317154424623613, 36.38804
5H-6D, -29.854389821612493, 21.066760000000002
6H-6D, -33.171544246236095, -15.32128000000001
1H-6E, -1.6585772123118039, -37.34562
2H-6E, 31.512967033924298, -20.109180000000002
3H-6E, 33.17154424623611, 17.23643999999999
4H-6E, 1.6585772123118083, 37.34561999999999
5H-6E, -31.512967033924287, 20.10918000000002
6H-6E, -33.1715442462361, -17.236439999999995
1H-6F, 2.2281248356622924e-15, -36.38804
2H-6F, 31.5129670339243, -18.19402
3H-6F, 31.512967033924305, 18.19401999999999
4H-6F, 2.2281248356622924e-15, 36.38804
5H-6F, -31.512967033924298, 18.19402000000001
6H-6F, -31.5129670339243, -18.194020000000002
1H-6G, 2.1108551074695403e-15, -34.472879999999996
2H-6G, 29.854389821612493, -17.236439999999998
3H-6G, 29.8543898216125, 17.23643999999999
4H-6G, 2.1108551074695403e-15, 34.472879999999996
5H-6G, -29.85438982161249, 17.23644000000001
6H-6G, -29.854389821612493, -17.23644
1H-7B, 3.317154424623612, -34.472879999999996
2H-7B, 31.512967033924298, -14.3637
3H-7B, 28.195812609300688, 20.10917999999999
4H-7B, -3.3171544246236078, 34.472879999999996
5H-7B, -31.512967033924298, 14.363700000000003
6H-7B, -28.19581260930068, -20.10918000000001
1H-7C, 1.6585772123118034, -35.43046
2H-7C, 31.512967033924298, -16.27886
3H-7C, 29.8543898216125, 19.151599999999988
4H-7C, -1.6585772123117992, 35.43046
5H-7C, -31.512967033924294, 16.278860000000016
6H-7C, -29.854389821612497, -19.151600000000002
1H-7D, 1.6585772123118, -37.34562
2H-7D, 33.1715442462361, -17.236440000000005
3H-7D, 31.512967033924305, 20.109179999999984
4H-7D, -1.6585772123117957, 37.34562
5H-7D, -33.171544246236095, 17.23644000000002
6H-7D, -31.5129670339243, -20.10918
1H-7E, 3.3171544246236118, -38.3032
2H-7E, 34.830121458547914, -16.27886
3H-7E, 31.51296703392431, 22.024339999999995
4H-7E, -3.317154424623607, 38.303200000000004
5H-7E, -34.83012145854791, 16.278860000000023
6H-7E, -31.512967033924305, -22.02434
1H-7F, 4.975731636935412, -37.34562
2H-7F, 34.83012145854791, -14.363700000000005
3H-7F, 29.854389821612504, 22.981919999999988
4H-7F, -4.975731636935407, 37.34562
5H-7F, -34.83012145854791, 14.363700000000009
6H-7F, -29.85438982161249, -22.98192
1H-7G, 4.9757316369354125, -35.43046
2H-7G, 33.1715442462361, -13.406120000000003
3H-7G, 28.1958126093007, 22.024339999999988
4H-7G, -4.975731636935408, 35.43046
5H-7G, -33.1715442462361, 13.406120000000016
6H-7G, -28.195812609300688, -22.024339999999995
1J-9B, 8.292886061559024, -35.43046
2J-9B, 34.83012145854791, -10.533380000000005
3J-9B, 26.537235396988894, 24.897079999999992
4J-9B, -8.29288606155902, 35.43046
5J-9B, -34.83012145854791, 10.533380000000026
6J-9B, -26.537235396988894, -24.897079999999995
1J-9C, 6.634308849247219, -36.38804
2J-9C, 34.83012145854791, -12.448540000000005
3J-9C, 28.1958126093007, 23.93949999999999
4J-9C, -6.634308849247214, 36.38804
5J-9C, -34.83012145854791, 12.44854000000001
6J-9C, -28.195812609300688, -23.939500000000006
1J-9D, 6.634308849247222, -38.303200000000004
2J-9D, 36.48869867085972, -13.406120000000005
3J-9D, 29.854389821612504, 24.897079999999992
4J-9D, -6.634308849247217, 38.303200000000004
5J-9D, -36.48869867085971, 13.406120000000017
6J-9D, -29.854389821612497, -24.897080000000003
1J-9E, 8.292886061559031, -39.26077999999999
2J-9E, 38.147275883171524, -12.44854
3J-9E, 29.854389821612497, 26.812239999999996
4J-9E, -8.292886061559026, 39.26077999999999
5J-9E, -38.14727588317152, 12.44854000000002
6J-9E, -29.854389821612497, -26.812239999999996
1J-9F, 9.951463273870832, -38.3032
2J-9F, 38.147275883171524, -10.533380000000005
3J-9F, 28.1958126093007, 27.769819999999992
4J-9F, -9.951463273870827, 38.3032
5J-9F, -38.147275883171524, 10.533380000000017
6J-9F, -28.19581260930069, -27.76982
1J-9G, 9.951463273870838, -36.388040000000004
2J-9G, 36.48869867085972, -9.575800000000001
3J-9G, 26.53723539698889, 26.81224
4J-9G, -9.951463273870832, 36.388040000000004
5J-9G, -36.48869867085972, 9.575800000000013
6J-9G, -26.537235396988883, -26.812240000000006
1J-3J, -24.878658184677082, -33.515299999999996
2J-3J, 16.585772123118048, -38.3032
3J-3J, 41.46443030779513, -4.78790000000001
4J-3J, 24.87865818467709, 33.51529999999999
5J-3J, -16.585772123118034, 38.303200000000004
6J-3J, -41.46443030779513, 4.787899999999997
1J-3H, -24.878658184677082, -35.43046
2J-3H, 18.244349335429856, -39.26078
3J-3H, 43.12300752010694, -3.8303200000000097
4J-3H, 24.878658184677086, 35.43046
5J-3H, -18.244349335429842, 39.260780000000004
6J-3H, -43.123007520106945, 3.8303199999999955
1J-3N, -23.220080972365274, -36.38804
2J-3N, 19.902926547741657, -38.3032
3J-3N, 43.12300752010693, -1.9151600000000104
4J-3N, 23.220080972365277, 36.38803999999999
5J-3N, -19.902926547741647, 38.303200000000004
6J-3N, -43.12300752010694, 1.9151599999999962
1J-3S, -21.561503760053462, -35.430460000000004
2J-3S, 19.902926547741668, -36.38804
3J-3S, 41.46443030779513, -0.9575800000000008
4J-3S, 21.56150376005347, 35.430460000000004
5J-3S, -19.902926547741657, 36.38804
6J-3S, -41.46443030779513, 0.9575799999999873
1J-3T, -21.56150376005346, -37.34562
2J-3T, 21.561503760053473, -37.34562
3J-3T, 43.12300752010694, 0.0
4J-3T, 21.561503760053466, 37.34562
5J-3T, -21.56150376005346, 37.34562
6J-3T, -43.12300752010694, -1.3869417023051979e-14
1J-3R, -19.90292654774167, -34.47287999999999
2J-3R, 19.902926547741654, -34.47288
3J-3R, 39.80585309548333, -1.767734984858086e-14
4J-3R, 19.90292654774168, 34.47287999999999
5J-3R, -19.90292654774164, 34.47288000000001
6J-3R, -39.80585309548333, 4.874811058071342e-15
1J-3U, -19.902926547741664, -38.3032
2J-3U, 23.220080972365274, -36.388040000000004
3J-3U, 43.123007520106945, 1.9151599999999915
4J-3U, 19.90292654774167, 38.3032
5J-3U, -23.220080972365263, 36.38804000000001
6J-3U, -43.12300752010694, -1.9151600000000053
1J-3W, -18.244349335429863, -35.43046
2J-3W, 21.561503760053462, -33.5153
3J-3W, 39.80585309548333, 1.915159999999986
4J-3W, 18.244349335429867, 35.43045999999999
5J-3W, -21.56150376005345, 33.51530000000001
6J-3W, -39.80585309548333, -1.9151599999999989
1J-3V, -18.24434933542986, -37.34562
2J-3V, 23.220080972365274, -34.472879999999996
3J-3V, 41.46443030779513, 2.87273999999999
4J-3V, 18.244349335429863, 37.34562
5J-3V, -23.22008097236526, 34.47288
6J-3V, -41.46443030779513, -2.8727400000000034
1J-4M, -18.24434933542986, -39.26078
2J-4M, 24.878658184677075, -35.43046
3J-4M, 43.123007520106945, 3.83031999999999
4J-4M, 18.244349335429863, 39.26078
5J-4M, -24.878658184677068, 35.43046000000001
6J-4M, -43.12300752010694, -3.830320000000004
1J-4C, -16.585772123118055, -36.38804
2J-4C, 23.220080972365274, -32.55772
3J-4C, 39.80585309548333, 3.830319999999991
4J-4C, 16.58577212311806, 36.38804
5J-4C, -23.220080972365263, 32.55772000000001
6J-4C, -39.80585309548333, -3.8303200000000035
1J-4D, -16.58577212311805, -38.3032
2J-4D, 24.87865818467708, -33.515299999999996
3J-4D, 41.46443030779513, 4.7878999999999925
4J-4D, 16.585772123118055, 38.3032
5J-4D, -24.878658184677068, 33.5153
6J-4D, -41.46443030779513, -4.787900000000006
1J-4H, -16.58577212311805, -40.21836
2J-4H, 26.537235396988887, -34.472879999999996
3J-4H, 43.12300752010694, 5.745479999999993
4J-4H, 16.58577212311806, 40.21836
5J-4H, -26.537235396988866, 34.47288000000001
6J-4H, -43.12300752010694, -5.745479999999996
1J-4B, -14.927194910806248, -35.43046
2J-4B, 23.220080972365267, -30.642559999999996
3J-4B, 38.147275883171524, 4.787899999999989
4J-4B, 14.927194910806252, 35.43045999999999
5J-4B, -23.22008097236526, 30.642560000000007
6J-4B, -38.14727588317152, -4.787900000000001
1J-4G, -13.26861769849444, -36.38804
2J-4G, 24.87865818467708, -29.684979999999996
3J-4G, 38.147275883171524, 6.703059999999993
4J-4G, 13.268617698494444, 36.38804
5J-4G, -24.878658184677075, 29.68498
6J-4G, -38.147275883171524, -6.703060000000013
1J-4F, -13.268617698494447, -38.3032
2J-4F, 26.53723539698888, -30.642560000000007
3J-4F, 39.805853095483336, 7.660639999999987
4J-4F, 13.268617698494452, 38.3032
5J-4F, -26.537235396988876, 30.642560000000007
6J-4F, -39.80585309548333, -7.66064000000001
1J-4K, -13.268617698494447, -40.21836
2J-4K, 28.195812609300688, -31.600140000000003
3J-4K, 41.46443030779514, 8.618219999999987
4J-4K, 13.26861769849445, 40.21836
5J-4K, -28.195812609300674, 31.600140000000014
6J-4K, -41.46443030779513, -8.61822
1J-5C, -11.610040486182635, -37.34562
2J-5C, 26.53723539698888, -28.727399999999996
3J-5C, 38.147275883171524, 8.61821999999999
4J-5C, 11.61004048618264, 37.34561999999999
5J-5C, -26.537235396988873, 28.727400000000006
6J-5C, -38.147275883171524, -8.618220000000003
1J-5D, -11.610040486182637, -39.260780000000004
2J-5D, 28.19581260930069, -29.684980000000003
3J-5D, 39.805853095483336, 9.575799999999992
4J-5D, 11.61004048618264, 39.260780000000004
5J-5D, -28.195812609300685, 29.684980000000014
6J-5D, -39.805853095483336, -9.575800000000006
1J-5H, -11.610040486182637, -41.17594
2J-5H, 29.85438982161249, -30.64256
3J-5H, 41.46443030779513, 10.533379999999989
4J-5H, 11.610040486182644, 41.17593999999999
5J-5H, -29.854389821612475, 30.642560000000014
6J-5H, -41.46443030779513, -10.533379999999992
1J-5B, -9.951463273870832, -36.388040000000004
2J-5B, 26.537235396988883, -26.812240000000003
3J-5B, 36.48869867085972, 9.575799999999992
4J-5B, 9.951463273870838, 36.388040000000004
5J-5B, -26.537235396988876, 26.81224000000001
6J-5B, -36.48869867085972, -9.575800000000005
1J-5J, -9.95146327387083, -42.13352
2J-5J, 31.5129670339243, -29.684980000000003
3J-5J, 41.46443030779514, 12.44853999999999
4J-5J, 9.951463273870836, 42.13352
5J-5J, -31.5129670339243, 29.684980000000003
6J-5J, -41.46443030779513, -12.448540000000014
1J-5G, -8.292886061559027, -37.34562
2J-5G, 28.195812609300685, -25.854660000000003
3J-5G, 36.48869867085972, 11.490959999999989
4J-5G, 8.292886061559033, 37.34562
5J-5G, -28.195812609300674, 25.85466000000001
6J-5G, -36.48869867085972, -11.49096
1J-5F, -8.292886061559026, -39.26077999999999
2J-5F, 29.854389821612493, -26.81224
3J-5F, 38.147275883171524, 12.448539999999989
4J-5F, 8.292886061559031, 39.26077999999999
5J-5F, -29.85438982161249, 26.812240000000003
6J-5F, -38.14727588317152, -12.448540000000012
1J-5K, -8.29288606155903, -41.17594
2J-5K, 31.512967033924298, -27.769820000000003
3J-5K, 39.80585309548333, 13.406119999999989
4J-5K, 8.292886061559035, 41.17593999999999
5J-5K, -31.512967033924287, 27.76982000000001
6J-5K, -39.80585309548332, -13.40612
1J-6C, -6.634308849247225, -38.303200000000004
2J-6C, 29.854389821612497, -24.897080000000006
3J-6C, 36.488698670859726, 13.406119999999987
4J-6C, 6.634308849247231, 38.303200000000004
5J-6C, -29.854389821612493, 24.89708000000001
6J-6C, -36.48869867085972, -13.406120000000007
1J-6D, -6.634308849247224, -40.21836
2J-6D, 31.512967033924298, -25.854660000000003
3J-6D, 38.14727588317153, 14.363699999999987
4J-6D, 6.634308849247229, 40.21836
5J-6D, -31.512967033924287, 25.854660000000017
6J-6D, -38.147275883171524, -14.363699999999998
1J-6H, -6.634308849247226, -42.13351999999999
2J-6H, 33.1715442462361, -26.812240000000003
3J-6H, 39.805853095483336, 15.321279999999984
4J-6H, 6.6343088492472315, 42.13351999999999
5J-6H, -33.17154424623609, 26.81224000000002
6J-6H, -39.80585309548333, -15.32127999999999
1J-6B, -4.975731636935416, -37.34562
2J-6B, 29.85438982161249, -22.98192
3J-6B, 34.830121458547914, 14.36369999999999
4J-6B, 4.97573163693542, 37.34562
5J-6B, -29.854389821612482, 22.98192000000001
6J-6B, -34.83012145854791, -14.363700000000001
1J-6G, -3.317154424623607, -38.303200000000004
2J-6G, 31.512967033924305, -22.02434
3J-6G, 34.830121458547914, 16.278859999999995
4J-6G, 3.3171544246236118, 38.3032
5J-6G, -31.5129670339243, 22.024340000000002
6J-6G, -34.83012145854791, -16.278860000000012
1J-6F, -3.317154424623609, -40.21836
2J-6F, 33.1715442462361, -22.981920000000002
3J-6F, 36.488698670859726, 17.23643999999999
4J-6F, 3.3171544246236144, 40.21836
5J-6F, -33.1715442462361, 22.981920000000013
6J-6F, -36.48869867085972, -17.23644
1J-6K, -3.3171544246236118, -42.13352
2J-6K, 34.83012145854791, -23.939500000000002
3J-6K, 38.14727588317153, 18.19401999999999
4J-6K, 3.317154424623617, 42.13352
5J-6K, -34.8301214585479, 23.939500000000013
6J-6K, -38.147275883171524, -18.194020000000002
1J-7C, -1.6585772123118077, -39.26078
2J-7C, 33.17154424623611, -21.066760000000006
3J-7C, 34.83012145854792, 18.19401999999999
4J-7C, 1.6585772123118125, 39.26078
5J-7C, -33.171544246236095, 21.066760000000023
6J-7C, -34.83012145854792, -18.194019999999995
1J-7D, -1.6585772123118034, -41.175940000000004
2J-7D, 34.830121458547914, -22.024340000000002
3J-7D, 36.488698670859726, 19.151599999999995
4J-7D, 1.658577212311808, 41.175940000000004
5J-7D, -34.830121458547914, 22.024340000000006
6J-7D, -36.48869867085972, -19.151600000000016
1J-7H, -1.6585772123118032, -43.0911
2J-7H, 36.48869867085972, -22.981920000000002
3J-7H, 38.14727588317153, 20.109179999999995
4J-7H, 1.6585772123118083, 43.0911
5J-7H, -36.48869867085971, 22.981920000000013
6J-7H, -38.147275883171524, -20.109180000000006
1J-7B, 2.345394563855045e-15, -38.3032
2J-7B, 33.1715442462361, -19.1516
3J-7B, 33.17154424623611, 19.15159999999999
4J-7B, 2.345394563855045e-15, 38.3032
5J-7B, -33.1715442462361, 19.151600000000013
6J-7B, -33.1715442462361, -19.151600000000002
1J-7G, 1.6585772123118039, -39.26078
2J-7G, 34.830121458547914, -18.194020000000005
3J-7G, 33.17154424623612, 21.066759999999988
4J-7G, -1.6585772123117988, 39.26078
5J-7G, -34.83012145854791, 18.19402000000002
6J-7G, -33.17154424623611, -21.066760000000002
1J-7F, 1.658577212311808, -41.175940000000004
2J-7F, 36.48869867085972, -19.151600000000002
3J-7F, 34.83012145854792, 22.024339999999995
4J-7F, -1.6585772123118034, 41.175940000000004
5J-7F, -36.48869867085971, 19.151600000000023
6J-7F, -34.83012145854792, -22.02434
1J-7K, 1.6585772123118083, -43.0911
2J-7K, 38.147275883171524, -20.109180000000002
3J-7K, 36.488698670859726, 22.981919999999995
4J-7K, -1.6585772123118032, 43.0911
5J-7K, -38.147275883171524, 20.109180000000016
6J-7K, -36.48869867085972, -22.98192000000001
1J-8C, 3.3171544246236055, -40.21836
2J-8C, 36.48869867085972, -17.23644000000001
3J-8C, 33.17154424623612, 22.981919999999988
4J-8C, -3.3171544246236, 40.21836
5J-8C, -36.48869867085971, 17.236440000000012
6J-8C, -33.1715442462361, -22.981920000000006
1J-8D, 3.3171544246236078, -42.13352
2J-8D, 38.14727588317152, -18.194020000000005
3J-8D, 34.83012145854792, 23.93949999999999
4J-8D, -3.3171544246236024, 42.13352
5J-8D, -38.14727588317152, 18.194020000000013
6J-8D, -34.83012145854791, -23.93950000000001
1J-8B, 4.975731636935414, -39.26078
2J-8B, 36.48869867085972, -15.321280000000005
3J-8B, 31.512967033924312, 23.93949999999999
4J-8B, -4.97573163693541, 39.26078
5J-8B, -36.48869867085971, 15.321280000000018
6J-8B, -31.5129670339243, -23.939500000000002
1J-8G, 6.63430884924722, -40.21836
2J-8G, 38.147275883171524, -14.363700000000005
3J-8G, 31.51296703392431, 25.85465999999999
4J-8G, -6.6343088492472155, 40.21836
5J-8G, -38.14727588317152, 14.36370000000001
6J-8G, -31.512967033924298, -25.854660000000006
1J-8F, 6.634308849247223, -42.13351999999999
2J-8F, 39.80585309548332, -15.321280000000002
3J-8F, 33.17154424623612, 26.81223999999999
4J-8F, -6.634308849247216, 42.13351999999999
5J-8F, -39.80585309548332, 15.321280000000016
6J-8F, -33.1715442462361, -26.812240000000003
1J-9K, 8.292886061559024, -41.17594
2J-9K, 39.80585309548332, -13.406120000000005
3J-9K, 31.512967033924312, 27.76981999999999
4J-9K, -8.29288606155902, 41.17594
5J-9K, -39.80585309548332, 13.406120000000008
6J-9K, -31.51296703392429, -27.769820000000006
1J-9H, 9.951463273870836, -42.13352
2J-9H, 41.46443030779513, -12.448540000000001
3J-9H, 31.51296703392431, 29.684979999999992
4J-9H, -9.95146327387083, 42.13352
5J-9H, -41.46443030779513, 12.448540000000024
6J-9H, -31.512967033924305, -29.684979999999996
1J-9R, 11.610040486182633, -37.34562
2J-9R, 38.14727588317152, -8.618220000000008
3J-9R, 26.537235396988894, 28.72739999999999
4J-9R, -11.610040486182626, 37.34562
5J-9R, -38.14727588317152, 8.61822000000003
6J-9R, -26.537235396988894, -28.72739999999999
1J-9S, 11.610040486182639, -39.26078
2J-9S, 39.80585309548333, -9.575800000000001
3J-9S, 28.195812609300695, 29.68497999999999
4J-9S, -11.610040486182635, 39.26078
5J-9S, -39.80585309548332, 9.575800000000013
6J-9S, -28.195812609300688, -29.68498
1J-9P, 11.610040486182633, -41.17594
2J-9P, 41.464430307795126, -10.533380000000006
3J-9P, 29.854389821612504, 30.642559999999985
4J-9P, -11.61004048618263, 41.17594
5J-9P, -41.464430307795126, 10.53338000000002
6J-9P, -29.854389821612493, -30.642559999999996
1J-9W, 13.268617698494444, -36.38804
2J-9W, 38.147275883171524, -6.703060000000002
3J-9W, 24.878658184677086, 29.684979999999992
4J-9W, -13.26861769849444, 36.38804
5J-9W, -38.14727588317152, 6.703060000000023
6J-9W, -24.878658184677082, -29.684979999999996
1J-9T, 13.268617698494442, -40.21836
2J-9T, 41.46443030779513, -8.618220000000004
3J-9T, 28.195812609300702, 31.600139999999993
4J-9T, -13.268617698494436, 40.21836
5J-9T, -41.46443030779513, 8.61822000000001
6J-9T, -28.195812609300685, -31.600140000000007
1J-9V, 14.927194910806245, -37.34562
2J-9V, 39.80585309548333, -5.7454800000000095
3J-9V, 24.878658184677093, 31.60013999999999
4J-9V, -14.92719491080624, 37.345620000000004
5J-9V, -39.80585309548332, 5.745480000000023
6J-9V, -24.87865818467708, -31.600139999999996
1J-9U, 14.927194910806248, -39.26078
2J-9U, 41.46443030779513, -6.703060000000003
3J-9U, 26.53723539698889, 32.55771999999999
4J-9U, -14.927194910806243, 39.26078
5J-9U, -41.46443030779513, 6.70306000000001
6J-9U, -26.537235396988873, -32.55772
